Source,Target,Type,Id,Label,Weight
afghanistan,russia,Undirected,3186,,4644
afghanistan,ukraine,Undirected,3187,,10183
afghanistan,ukraine_war,Undirected,3188,,2953
africa,russia,Undirected,3189,,5337
africa,ukraine,Undirected,3190,,4356
afu,kharkiv,Undirected,3191,,4144
afu,khersonisukraine,Undirected,3192,,5071
ai,putin,Undirected,3193,,1834
animation,nft,Undirected,3194,,2646
anonymous,fuckputin,Undirected,3195,,2269
anonymous,oprussia,Undirected,3196,,2388
anonymous,putinwarcrimes,Undirected,3197,,1971
anonymous,russia,Undirected,3198,,3881
anonymous,stop_ru_war,Undirected,3199,,1545
anonymous,support_ukr,Undirected,3200,,2472
anonymous,ukraine,Undirected,3201,,7872
anonymous,ukraine_invasion,Undirected,3202,,1583
anonymous,ukraine_war,Undirected,3203,,5801
armenia,azerbaijan,Undirected,3204,,1794
armenia,russia,Undirected,3205,,4850
armenia,ukraine,Undirected,3206,,1448
armukrainenow,afu,Undirected,3207,,5860
armukrainenow,atacmsforukraine,Undirected,3208,,1538
armukrainenow,crimea,Undirected,3209,,6083
armukrainenow,genocideofukrainians,Undirected,3210,,4164
armukrainenow,kharkiv,Undirected,3211,,4443
armukrainenow,khersonisukraine,Undirected,3212,,5090
armukrainenow,misstrauensvotum,Undirected,3213,,1365
armukrainenow,natoinukrainenow,Undirected,3214,,1750
armukrainenow,putinwarcrimes,Undirected,3215,,4538
armukrainenow,ru_terroriststate,Undirected,3216,,22749
armukrainenow,ru_warcrimes,Undirected,3217,,7460
armukrainenow,russia,Undirected,3218,,7798
armukrainenow,russiaterroriststate,Undirected,3219,,2268
armukrainenow,slavaukraini,Undirected,3220,,12873
armukrainenow,stop_ru_war,Undirected,3221,,22585
armukrainenow,stop_ru_warnaggression,Undirected,3222,,3689
armukrainenow,support_ukr,Undirected,3223,,43938
armukrainenow,surrenderputin,Undirected,3224,,1355
armukrainenow,ukraine,Undirected,3225,,35483
armukrainenow,ukraine_war,Undirected,3226,,25949
armukrainenow,ukrainewillwin,Undirected,3227,,11097
army,donetsk,Undirected,3228,,6212
army,military,Undirected,3229,,7690
army,nato,Undirected,3230,,7155
army,odessa,Undirected,3231,,3276
army,russia,Undirected,3232,,7587
army,soldier,Undirected,3233,,5650
army,specialforces,Undirected,3234,,7035
army,ukraine,Undirected,3235,,10345
army,ukrainenews,Undirected,3236,,4241
army,ukrainianarmy,Undirected,3237,,1552
art,artist,Undirected,3238,,1329
art,nft,Undirected,3239,,6742
art,ukraine,Undirected,3240,,9233
assad,putin,Undirected,3241,,3018
australia,russia,Undirected,3242,,3025
australia,ukraine,Undirected,3243,,4279
austria,germany,Undirected,3244,,4116
austria,kherson,Undirected,3245,,3674
austria,mykolaiv,Undirected,3246,,3662
austria,ukraine,Undirected,3247,,4711
azerbaijan,russia,Undirected,3248,,4607
azerbaijan,ukraine,Undirected,3249,,3359
azov,mariupol,Undirected,3250,,3226
azov,russia,Undirected,3251,,3851
azov,ukraine,Undirected,3252,,8404
azov,ukraine_war,Undirected,3253,,5774
azovstal,azov,Undirected,3254,,1347
azovstal,mariupol,Undirected,3255,,5678
azovstal,russia,Undirected,3256,,3801
azovstal,support_ukr,Undirected,3257,,1382
azovstal,ukraine,Undirected,3258,,8086
azovstal,ukraine_war,Undirected,3259,,7328
bakhmut,amireca,Undirected,3260,,5786
bakhmut,russia,Undirected,3261,,10549
bakhmut,ukraine,Undirected,3262,,52482
bakhmut,ukraine_war,Undirected,3263,,10521
bakhmut,usa,Undirected,3264,,30450
bakhmut,usavirn,Undirected,3265,,1852
bbcnews,russia,Undirected,3266,,1516
bbcnews,ukraine,Undirected,3267,,3225
bbcnews,ukraine_crisis,Undirected,3268,,2105
belarus,lukashenko,Undirected,3269,,1813
belarus,nato,Undirected,3270,,2954
belarus,putin,Undirected,3271,,8906
belarus,russia,Undirected,3272,,20579
belarus,support_ukr,Undirected,3273,,1467
belarus,ukraine,Undirected,3274,,23020
belarus,ukraine_war,Undirected,3275,,7785
belgorod,russia,Undirected,3276,,1777
belgorod,ukraine,Undirected,3277,,1619
belgorod,ukraine_war,Undirected,3278,,1576
berlin,ukraine,Undirected,3279,,1419
biden,biden,Undirected,3280,,3303
biden,blm,Undirected,3281,,1632
biden,btc,Undirected,3282,,2905
biden,china,Undirected,3283,,5406
biden,covid,Undirected,3284,,1432
biden,eu,Undirected,3285,,3878
biden,europe,Undirected,3286,,3536
biden,fact,Undirected,3287,,1818
biden,gop,Undirected,3288,,1370
biden,inflation,Undirected,3289,,1354
biden,nato,Undirected,3290,,14254
biden,news,Undirected,3291,,3383
biden,putin,Undirected,3292,,49547
biden,putinwarcrimes,Undirected,3293,,1479
biden,racism,Undirected,3294,,1915
biden,russia,Undirected,3295,,40350
biden,russian,Undirected,3296,,6085
biden,trump,Undirected,3297,,11617
biden,truth,Undirected,3298,,2658
biden,ukraine,Undirected,3299,,59306
biden,ukraine_conflict,Undirected,3300,,6614
biden,ukraine_crisis,Undirected,3301,,5855
biden,ukraine_invasion,Undirected,3302,,3444
biden,ukraine_war,Undirected,3303,,29292
biden,ukrainian,Undirected,3304,,1415
biden,us,Undirected,3305,,5008
biden,usa,Undirected,3306,,14427
biden,war,Undirected,3307,,5822
biden,ww3,Undirected,3308,,3978
biden,zelensky,Undirected,3309,,10634
biodiversityrocks,armukrainenow,Undirected,3310,,1748
biodiversityrocks,boycottrussianoilnow,Undirected,3311,,1673
biodiversityrocks,putinswars,Undirected,3312,,2243
biodiversityrocks,support_ukr,Undirected,3313,,1683
blacklivesmatter,ukraine,Undirected,3314,,1371
blacksea,ukraine,Undirected,3315,,3836
blm,ukraine,Undirected,3316,,1777
blm,ukraine_war,Undirected,3317,,1414
bne,emergingmarkets,Undirected,3318,,1538
bne,ukraine_war,Undirected,3319,,2158
bneeditorspicks,ukraine_war,Undirected,3320,,1622
borisjohnson,putin,Undirected,3321,,4509
borisjohnson,ukraine,Undirected,3322,,4978
borisjohnson,ukraine_war,Undirected,3323,,1414
boycottrussianoilnow,armukrainenow,Undirected,3324,,1888
breaking,biden,Undirected,3325,,1419
breaking,breakingnews,Undirected,3326,,9413
breaking,eu,Undirected,3327,,1478
breaking,kharkiv,Undirected,3328,,1702
breaking,kherson,Undirected,3329,,1629
breaking,krieg,Undirected,3330,,1927
breaking,kyiv,Undirected,3331,,3653
breaking,nato,Undirected,3332,,2824
breaking,news,Undirected,3333,,2035
breaking,polska,Undirected,3334,,4313
breaking,putin,Undirected,3335,,8749
breaking,russia,Undirected,3336,,29721
breaking,russian,Undirected,3337,,5786
breaking,ukraine,Undirected,3338,,40761
breaking,ukraine_conflict,Undirected,3339,,4226
breaking,ukraine_crisis,Undirected,3340,,3748
breaking,ukraine_invasion,Undirected,3341,,3381
breaking,ukraine_war,Undirected,3342,,26515
breaking,ukrainerussia,Undirected,3343,,1381
breaking,ukraineunderattack,Undirected,3344,,1452
breaking,ukrainian,Undirected,3345,,2404
breaking,usa,Undirected,3346,,1390
breaking,war,Undirected,3347,,5818
breaking,zelensky,Undirected,3348,,2257
breakingnews,krieg,Undirected,3350,,1931
breakingnews,polska,Undirected,3351,,4345
breakingnews,putin,Undirected,3352,,2636
breakingnews,russia,Undirected,3353,,11927
breakingnews,ukraine,Undirected,3354,,17651
breakingnews,ukraine_war,Undirected,3355,,11319
breakingnews,war,Undirected,3356,,5500
brexit,putin,Undirected,3357,,4340
brexit,ukraine,Undirected,3358,,3333
british,ukraine,Undirected,3359,,1937
brittneygriner,russia,Undirected,3360,,2082
btc,btc,Undirected,3362,,3543
btc,crypto,Undirected,3363,,8108
btc,cryptocurrency,Undirected,3364,,4886
btc,eth,Undirected,3365,,4343
btc,ethereum,Undirected,3366,,2073
btc,inflation,Undirected,3367,,1574
btc,nft,Undirected,3368,,8362
btc,putin,Undirected,3369,,5532
btc,russia,Undirected,3370,,11162
btc,ukraine,Undirected,3371,,15052
btc,ukraine_war,Undirected,3372,,6340
btc,usa,Undirected,3373,,3604
btc,war,Undirected,3374,,1515
bucha,buchamassacre,Undirected,3375,,1997
bucha,putin,Undirected,3376,,3273
bucha,putinwarcrimes,Undirected,3377,,1836
bucha,russia,Undirected,3378,,4981
bucha,stop_ru_war,Undirected,3379,,2724
bucha,support_ukr,Undirected,3380,,1377
bucha,ukraine,Undirected,3381,,11825
bucha,ukraine_war,Undirected,3382,,8009
buchamassacre,putinwarcrimes,Undirected,3383,,1439
buchamassacre,stop_ru_war,Undirected,3384,,1670
buchamassacre,ukraine,Undirected,3385,,3183
buchamassacre,ukraine_war,Undirected,3386,,3177
bwcdeals,clearthelist,Undirected,3387,,1400
bwcdeals,dogecoin,Undirected,3388,,1400
bwcdeals,nft,Undirected,3389,,1400
bwcdeals,today,Undirected,3390,,1400
bwcdeals,ukraine,Undirected,3391,,1400
canada,bakhmut,Undirected,3392,,28704
canada,electionday,Undirected,3393,,1443
canada,germany,Undirected,3394,,37699
canada,kherson,Undirected,3395,,1689
canada,putin,Undirected,3396,,3023
canada,russia,Undirected,3397,,7782
canada,ukraine,Undirected,3398,,48481
canada,ukraine_war,Undirected,3399,,4011
canada,usa,Undirected,3400,,38031
canda,bakhmut,Undirected,3401,,3651
canda,germany,Undirected,3402,,6149
canda,luhansk,Undirected,3403,,2068
canda,ukraine,Undirected,3404,,6150
canda,usa,Undirected,3405,,1528
canda,usavirn,Undirected,3406,,3851
cbs,eu,Undirected,3407,,1427
cdnpoli,ukraine,Undirected,3408,,5882
censorship,freenavalny,Undirected,3409,,4210
censorship,putinswar,Undirected,3410,,3901
censorship,ru_warcrimes,Undirected,3411,,9492
censorship,russia,Undirected,3412,,5766
chechen,ukraine,Undirected,3413,,1726
chechen,ukraine_war,Undirected,3414,,1363
chernihiv,ukraine,Undirected,3415,,3889
chernihiv,ukraine_war,Undirected,3416,,1854
chernobyl,ukraine,Undirected,3417,,3548
child,ukraine,Undirected,3418,,4543
china,china,Undirected,3420,,2397
china,covid,Undirected,3421,,1416
china,eu,Undirected,3422,,4552
china,europe,Undirected,3423,,4124
china,germany,Undirected,3424,,2302
china,india,Undirected,3425,,8209
china,iran,Undirected,3426,,5367
china,nato,Undirected,3427,,6263
china,northkorea,Undirected,3428,,1474
china,putin,Undirected,3429,,22127
china,russia,Undirected,3430,,64480
china,russian,Undirected,3431,,4603
china,taiwan,Undirected,3432,,9722
china,ukraine,Undirected,3433,,38077
china,ukraine_conflict,Undirected,3434,,1406
china,ukraine_crisis,Undirected,3435,,1387
china,ukraine_invasion,Undirected,3436,,1359
china,ukraine_war,Undirected,3437,,17215
china,us,Undirected,3438,,6265
china,usa,Undirected,3439,,12711
china,war,Undirected,3440,,1383
china,xi,Undirected,3441,,5872
clearthelist,today,Undirected,3442,,1400
closethesky,stop_ru_war,Undirected,3443,,7085
closethesky,support_ukr,Undirected,3444,,3068
closethesky,ukraine,Undirected,3445,,3955
closetheskyoverukraine,stop_ru_war,Undirected,3446,,8083
cnbc,cbs,Undirected,3447,,1368
cnbc,fox,Undirected,3448,,1421
cnbc,huffpost,Undirected,3449,,1488
cnbc,nbc,Undirected,3450,,1394
cnbc,npr,Undirected,3451,,1444
cnbc,nyt,Undirected,3452,,1428
cnbc,politico,Undirected,3453,,1488
cnbc,wapo,Undirected,3454,,1448
cnn,cbs,Undirected,3455,,1793
cnn,cnbc,Undirected,3456,,1548
cnn,eu,Undirected,3457,,1738
cnn,fox,Undirected,3458,,1904
cnn,g7,Undirected,3459,,1358
cnn,gop,Undirected,3460,,1527
cnn,huffpost,Undirected,3461,,2006
cnn,nato,Undirected,3462,,1639
cnn,nbc,Undirected,3463,,1827
cnn,newsmax,Undirected,3464,,1474
cnn,npr,Undirected,3465,,1884
cnn,nyt,Undirected,3466,,1800
cnn,politico,Undirected,3467,,1998
cnn,ukraine,Undirected,3468,,5316
cnn,wapo,Undirected,3469,,1891
cnn,wsj,Undirected,3470,,1661
congress,ukraine,Undirected,3471,,1532
corruption,ukraine,Undirected,3472,,2854
covid,putin,Undirected,3473,,5386
covid,russia,Undirected,3474,,6612
covid,ukraine,Undirected,3475,,14333
covid,ukraine_war,Undirected,3476,,8365
crimea,afu,Undirected,3477,,5844
crimea,bakhmut,Undirected,3478,,2231
crimea,donbas,Undirected,3479,,3551
crimea,kerchbridge,Undirected,3480,,2846
crimea,kharkiv,Undirected,3481,,7646
crimea,kherson,Undirected,3482,,5242
crimea,khersonisukraine,Undirected,3483,,5070
crimea,nato,Undirected,3484,,2993
crimea,putin,Undirected,3485,,8853
crimea,russia,Undirected,3486,,15547
crimea,ukraine,Undirected,3487,,34977
crimea,ukraine_war,Undirected,3488,,21990
crypto,cryptocurrency,Undirected,3490,,3024
crypto,inflation,Undirected,3491,,1884
crypto,nft,Undirected,3492,,4726
crypto,russia,Undirected,3493,,6528
crypto,ukraine,Undirected,3494,,9643
crypto,ukraine_war,Undirected,3495,,5135
cryptoartist,nft,Undirected,3496,,13156
cryptoartist,rickwezenaar,Undirected,3497,,6488
cryptoartist,wezenaar,Undirected,3498,,6488
cryptocurrency,inflation,Undirected,3500,,1610
cryptocurrency,russia,Undirected,3501,,2863
cryptocurrency,ukraine,Undirected,3502,,3375
cryptocurrency,ukraine_war,Undirected,3503,,2550
cybersecurity,infosec,Undirected,3504,,1514
cybersecurity,russia,Undirected,3505,,2980
cybersecurity,ukraine,Undirected,3506,,4415
cybersecurity,ukraine_war,Undirected,3507,,2497
defeatputin,ukraine,Undirected,3508,,1485
democracy,putin,Undirected,3509,,4674
democracy,ukraine,Undirected,3510,,7239
democrat,putin,Undirected,3511,,1795
democrat,russia,Undirected,3512,,1661
democrat,ukraine,Undirected,3513,,4368
democrat,war,Undirected,3514,,1336
dictatorship,censorship,Undirected,3515,,4897
dictatorship,freenavalny,Undirected,3516,,4214
dictatorship,putinswar,Undirected,3517,,3913
dictatorship,ru_warcrimes,Undirected,3518,,9520
dictatorship,russia,Undirected,3519,,5627
dictatorship,surveillance,Undirected,3520,,4856
dnipro,ukraine,Undirected,3521,,4204
dogecoin,clearthelist,Undirected,3522,,1400
dogecoin,nft,Undirected,3523,,1449
dogecoin,today,Undirected,3524,,1400
dogecoin,ukraine,Undirected,3525,,1650
donbas,donbas,Undirected,3527,,1623
donbas,donetsk,Undirected,3528,,7091
donbas,kharkiv,Undirected,3529,,2500
donbas,kherson,Undirected,3530,,5373
donbas,kyiv,Undirected,3531,,4424
donbas,luhansk,Undirected,3532,,2019
donbas,mariupol,Undirected,3533,,3965
donbas,nato,Undirected,3534,,6901
donbas,odessa,Undirected,3535,,1911
donbas,putin,Undirected,3536,,10534
donbas,russia,Undirected,3537,,22701
donbas,russian,Undirected,3538,,7844
donbas,ukraine,Undirected,3539,,35099
donbas,ukraine_crisis,Undirected,3540,,2979
donbas,ukraine_war,Undirected,3541,,22927
donbas,usa,Undirected,3542,,1344
donbas,zelensky,Undirected,3543,,4989
donetsk,crimea,Undirected,3544,,1497
donetsk,kharkiv,Undirected,3546,,3784
donetsk,kherson,Undirected,3547,,5558
donetsk,kyiv,Undirected,3548,,3577
donetsk,lugansk,Undirected,3549,,1449
donetsk,luhansk,Undirected,3550,,6719
donetsk,odessa,Undirected,3551,,3724
donetsk,putin,Undirected,3552,,5287
donetsk,russia,Undirected,3553,,19205
donetsk,russian,Undirected,3554,,5453
donetsk,soldier,Undirected,3555,,5539
donetsk,stop_ru_war,Undirected,3556,,1561
donetsk,ukraine,Undirected,3557,,29666
donetsk,ukraine_war,Undirected,3558,,19385
donetsk,ukrainenews,Undirected,3559,,4266
donetsk,ukrainianarmy,Undirected,3560,,1993
donetsk,zelensky,Undirected,3561,,1656
dpr,ukraine,Undirected,3562,,3865
drone,russia,Undirected,3563,,2981
drone,ukraine,Undirected,3564,,5877
drone,ukraine_war,Undirected,3565,,3634
economy,ukraine,Undirected,3566,,3419
electionday,kherson,Undirected,3567,,1444
electionday,ukraine,Undirected,3568,,1496
electionday,usa,Undirected,3569,,1454
emergingmarkets,ukraine_war,Undirected,3570,,2137
endgunviolence,mybodymychoice,Undirected,3571,,2150
endgunviolence,roevswade,Undirected,3572,,2009
endgunviolence,slavaukraini,Undirected,3573,,4302
endgunviolence,womensrightsarehumanrights,Undirected,3574,,2152
energy,russia,Undirected,3575,,7100
energy,ukraine,Undirected,3576,,6525
energy,ukraine_war,Undirected,3577,,3562
energycrisis,ukraine_war,Undirected,3578,,1542
erdogan,putin,Undirected,3579,,4614
erdogan,russia,Undirected,3580,,1557
erdogan,ukraine,Undirected,3581,,1423
estonia,latvia,Undirected,3582,,1663
estonia,lithuania,Undirected,3583,,1799
estonia,ukraine,Undirected,3584,,5373
estonia,ukraine_war,Undirected,3585,,1340
eth,nft,Undirected,3587,,4135
eth,ukraine,Undirected,3588,,3610
eu,eu,Undirected,3591,,3907
eu,europe,Undirected,3592,,9183
eu,european,Undirected,3593,,2216
eu,france,Undirected,3594,,1588
eu,g7,Undirected,3595,,1852
eu,germany,Undirected,3596,,6925
eu,india,Undirected,3597,,1878
eu,kyiv,Undirected,3598,,3392
eu,lviv,Undirected,3599,,1339
eu,nato,Undirected,3600,,25284
eu,putin,Undirected,3601,,23012
eu,putinwarcrimes,Undirected,3602,,1687
eu,russia,Undirected,3603,,43023
eu,russian,Undirected,3604,,6589
eu,sanction,Undirected,3605,,2875
eu,stop_ru_war,Undirected,3606,,7388
eu,support_ukr,Undirected,3607,,5671
eu,uk,Undirected,3608,,8122
eu,ukraine,Undirected,3609,,60315
eu,ukraine_conflict,Undirected,3610,,2853
eu,ukraine_war,Undirected,3611,,26346
eu,un,Undirected,3612,,4770
eu,us,Undirected,3613,,9434
eu,usa,Undirected,3614,,15069
eu,war,Undirected,3615,,3714
eu,zelensky,Undirected,3616,,6733
europe,germany,Undirected,3620,,4723
europe,nato,Undirected,3621,,12000
europe,news,Undirected,3622,,3416
europe,poland,Undirected,3623,,2872
europe,putin,Undirected,3624,,17280
europe,russia,Undirected,3625,,34405
europe,russian,Undirected,3626,,6910
europe,stop_ru_war,Undirected,3627,,5962
europe,support_ukr,Undirected,3628,,2078
europe,uk,Undirected,3629,,5555
europe,ukraine,Undirected,3630,,42905
europe,ukraine_war,Undirected,3631,,21729
europe,us,Undirected,3632,,4367
europe,usa,Undirected,3633,,14185
europe,war,Undirected,3634,,5265
european,russia,Undirected,3635,,3942
european,ukraine,Undirected,3636,,6971
european,ukraine_war,Undirected,3637,,1525
eurovision,ukraine,Undirected,3638,,7097
evilputin,freedomofrussia,Undirected,3639,,1955
evilputin,pahonia,Undirected,3640,,1892
evilputin,russia,Undirected,3641,,2072
evilputin,thefallofrussia,Undirected,3642,,2116
fascism,ukraine,Undirected,3643,,1614
finland,nato,Undirected,3644,,7650
finland,putin,Undirected,3645,,4712
finland,russia,Undirected,3646,,9552
finland,sweden,Undirected,3647,,8094
finland,ukraine,Undirected,3648,,9835
finland,ukraine_war,Undirected,3649,,2968
food,ukraine,Undirected,3650,,4164
fox,cbs,Undirected,3651,,1616
fox,eu,Undirected,3652,,1444
fox,nbc,Undirected,3653,,1651
fox,nyt,Undirected,3654,,1736
fox,wapo,Undirected,3655,,1748
foxnews,cbs,Undirected,3656,,1658
foxnews,cnbc,Undirected,3657,,1483
foxnews,cnn,Undirected,3658,,2686
foxnews,eu,Undirected,3659,,1670
foxnews,fox,Undirected,3660,,1833
foxnews,g7,Undirected,3661,,1355
foxnews,gop,Undirected,3662,,1813
foxnews,huffpost,Undirected,3663,,1977
foxnews,nato,Undirected,3664,,1523
foxnews,nbc,Undirected,3665,,1705
foxnews,newsmax,Undirected,3666,,1549
foxnews,npr,Undirected,3667,,1910
foxnews,nyt,Undirected,3668,,1751
foxnews,nytimes,Undirected,3669,,1985
foxnews,politico,Undirected,3670,,1985
foxnews,putin,Undirected,3671,,4707
foxnews,russia,Undirected,3672,,4733
foxnews,ukraine,Undirected,3673,,5808
foxnews,ukraine_crisis,Undirected,3674,,3312
foxnews,ukraine_invasion,Undirected,3675,,1788
foxnews,ukrainerussia,Undirected,3676,,1630
foxnews,wapo,Undirected,3677,,1936
foxnews,wsj,Undirected,3678,,1643
france,canada,Undirected,3679,,1444
france,germany,Undirected,3680,,7362
france,italy,Undirected,3681,,1369
france,poland,Undirected,3682,,1658
france,putin,Undirected,3683,,5475
france,russia,Undirected,3684,,10989
france,uk,Undirected,3685,,3380
france,ukraine,Undirected,3686,,13337
france,ukraine_war,Undirected,3687,,4842
france,usa,Undirected,3688,,4538
freedom,support_ukr,Undirected,3689,,1373
freedom,ukraine,Undirected,3690,,5327
freedom,ukraine_war,Undirected,3691,,1436
freedomofrussia,pahonia,Undirected,3692,,1894
freenavalny,putinswar,Undirected,3693,,3238
freenavalny,russia,Undirected,3694,,4640
freeukraine,putinwarcrimes,Undirected,3695,,1373
freeukraine,stop_ru_war,Undirected,3696,,3181
freeukraine,ukraine,Undirected,3697,,4800
ftx,ukraine,Undirected,3698,,3258
fuckputin,isupport_ukr,Undirected,3699,,3042
fuckputin,putinwarcrimes,Undirected,3700,,8643
fuckputin,slavaukraini,Undirected,3701,,6521
fuckputin,stop_ru_war,Undirected,3702,,8162
fuckputin,stop_ru_warnaggression,Undirected,3703,,3216
fuckputin,support_ukr,Undirected,3704,,6533
fuckputin,ukraine,Undirected,3705,,9375
fuckputin,ukraine_invasion,Undirected,3706,,3814
fuckputin,ukraine_war,Undirected,3707,,7889
g7,russia,Undirected,3708,,2952
g7,ukraine,Undirected,3709,,3690
gas,putin,Undirected,3710,,4486
gas,russia,Undirected,3711,,8329
gas,ukraine,Undirected,3712,,5384
gas,ukraine_war,Undirected,3713,,3593
genocide,putin,Undirected,3714,,4852
genocide,putinwarcrimes,Undirected,3715,,3410
genocide,russia,Undirected,3716,,5237
genocide,stop_ru_war,Undirected,3717,,3774
genocide,support_ukr,Undirected,3718,,1765
genocide,ukraine,Undirected,3719,,9825
genocide,ukraine_war,Undirected,3720,,3576
genocideofukrainians,putinwarcrimes,Undirected,3722,,4256
genocideofukrainians,ru_terroriststate,Undirected,3723,,5961
genocideofukrainians,ru_warcrimes,Undirected,3724,,3501
genocideofukrainians,stop_ru_war,Undirected,3725,,5767
genocideofukrainians,support_ukr,Undirected,3726,,3974
genocideofukrainians,ukraine,Undirected,3727,,6730
genocideofukrainians,ukraine_war,Undirected,3728,,4614
geopolitics,ukraine_war,Undirected,3729,,3746
georgia,russia,Undirected,3730,,3922
georgia,ukraine,Undirected,3731,,7018
german,russia,Undirected,3732,,1607
german,ukraine,Undirected,3733,,2753
germany,amireca,Undirected,3734,,6167
germany,bakhmut,Undirected,3735,,38152
germany,hungary,Undirected,3740,,1369
germany,italy,Undirected,3741,,1980
germany,luhansk,Undirected,3742,,2111
germany,mykolaiv,Undirected,3743,,3673
germany,nato,Undirected,3744,,6064
germany,poland,Undirected,3745,,4414
germany,putin,Undirected,3746,,10870
germany,russia,Undirected,3747,,27399
germany,russian,Undirected,3748,,3642
germany,stop_ru_war,Undirected,3749,,1752
germany,support_ukr,Undirected,3750,,2143
germany,uk,Undirected,3751,,3673
germany,ukraine,Undirected,3752,,82213
germany,ukraine_war,Undirected,3753,,12162
germany,usa,Undirected,3754,,39486
germany,usavirn,Undirected,3755,,3851
getputin,evilputin,Undirected,3756,,2295
getputin,freedomofrussia,Undirected,3757,,1961
getputin,pahonia,Undirected,3758,,1894
getputin,russia,Undirected,3759,,2078
getputin,thefallofrussia,Undirected,3760,,2139
giftideas,ukraine,Undirected,3761,,1736
gold,russia,Undirected,3762,,2011
gold,ukraine,Undirected,3763,,1658
gold,ukraine_war,Undirected,3764,,1439
gop,cbs,Undirected,3765,,1343
gop,fox,Undirected,3766,,1478
gop,gop,Undirected,3767,,2393
gop,nato,Undirected,3768,,1340
gop,nbc,Undirected,3769,,1372
gop,npr,Undirected,3770,,1493
gop,nyt,Undirected,3771,,1417
gop,putin,Undirected,3772,,15371
gop,russia,Undirected,3773,,6610
gop,trump,Undirected,3774,,6766
gop,ukraine,Undirected,3775,,8980
gop,wapo,Undirected,3776,,1435
gosloto,russia,Undirected,3777,,1670
gqp,ukraine,Undirected,3778,,1403
greece,ukraine,Undirected,3779,,1741
helpukraine,stop_ru_war,Undirected,3780,,5732
helpukraine,support_ukr,Undirected,3781,,4209
helpukraine,ukraine,Undirected,3782,,7839
helpukraine,ukraine_war,Undirected,3783,,6059
himars,ukraine,Undirected,3784,,5728
himars,ukraine_war,Undirected,3785,,4253
history,russia,Undirected,3786,,3039
history,ukraine,Undirected,3787,,3215
hitler,putin,Undirected,3788,,8286
hitler,ukraine,Undirected,3789,,3210
huffpost,cbs,Undirected,3790,,1655
huffpost,eu,Undirected,3791,,1796
huffpost,fox,Undirected,3792,,1749
huffpost,g7,Undirected,3793,,1384
huffpost,gop,Undirected,3794,,1454
huffpost,nato,Undirected,3795,,1562
huffpost,nbc,Undirected,3796,,1701
huffpost,newsmax,Undirected,3797,,1443
huffpost,npr,Undirected,3798,,1937
huffpost,nyt,Undirected,3799,,1766
huffpost,wapo,Undirected,3800,,1854
humanrights,russia,Undirected,3801,,3454
humanrights,ukraine,Undirected,3802,,5236
humanrights,ukraine_war,Undirected,3803,,3000
hungary,russia,Undirected,3804,,3194
hungary,ukraine,Undirected,3805,,7677
india,pakistan,Undirected,3807,,1458
india,putin,Undirected,3808,,5637
india,russia,Undirected,3809,,20680
india,ukraine,Undirected,3810,,15780
india,ukraine_conflict,Undirected,3811,,1517
india,ukraine_crisis,Undirected,3812,,1344
india,ukraine_war,Undirected,3813,,9179
india,usa,Undirected,3814,,3861
indian,ukraine,Undirected,3815,,2016
inflation,putin,Undirected,3816,,2848
inflation,russia,Undirected,3817,,4459
inflation,ukraine,Undirected,3818,,6102
inflation,ukraine_war,Undirected,3819,,6497
infosec,ukraine_war,Undirected,3820,,1599
invasion,putin,Undirected,3821,,4088
invasion,ukraine,Undirected,3822,,7872
iran,putin,Undirected,3824,,5821
iran,russia,Undirected,3825,,23154
iran,syria,Undirected,3826,,1616
iran,ukraine,Undirected,3827,,15763
iran,ukraine_war,Undirected,3828,,5767
iran,usa,Undirected,3829,,3142
iraq,afghanistan,Undirected,3830,,1376
iraq,russia,Undirected,3831,,3192
iraq,ukraine,Undirected,3832,,5105
ireland,ukraine,Undirected,3833,,3118
irpin,ukraine,Undirected,3834,,3814
irpin,ukraine_war,Undirected,3835,,1496
israel,putin,Undirected,3836,,3694
israel,russia,Undirected,3837,,9770
israel,ukraine,Undirected,3838,,13249
israel,ukraine_war,Undirected,3839,,4846
isupport_ukr,istandwithzelensky,Undirected,3841,,1684
isupport_ukr,isupport_ukr,Undirected,3842,,1423
isupport_ukr,putin,Undirected,3843,,5674
isupport_ukr,putinswar,Undirected,3844,,2753
isupport_ukr,putinwarcrimes,Undirected,3845,,13123
isupport_ukr,slavaukraini,Undirected,3846,,6250
isupport_ukr,stop_ru_war,Undirected,3847,,11076
isupport_ukr,stop_ru_warnaggression,Undirected,3848,,3392
isupport_ukr,support_ukr,Undirected,3849,,6091
isupport_ukr,ukraine,Undirected,3850,,18195
isupport_ukr,ukraine_invasion,Undirected,3851,,4741
isupport_ukr,ukraine_war,Undirected,3852,,9483
isupport_ukr,ukraineunderattack,Undirected,3853,,3654
italy,russia,Undirected,3854,,3779
italy,ukraine,Undirected,3855,,4484
izyum,ukraine,Undirected,3856,,3848
izyum,ukraine_war,Undirected,3857,,1471
japan,russia,Undirected,3858,,5624
japan,ukraine,Undirected,3859,,5162
justice,putin,Undirected,3860,,5882
justice,russia,Undirected,3861,,5920
kazakhstan,russia,Undirected,3862,,4216
kazakhstan,ukraine,Undirected,3863,,1396
kerchbridge,ukraine,Undirected,3865,,3713
kerchbridge,ukraine_war,Undirected,3866,,3578
kharkiv,bakhmut,Undirected,3867,,1745
kharkiv,kharkiv,Undirected,3870,,1768
kharkiv,kherson,Undirected,3871,,10656
kharkiv,kiev,Undirected,3872,,3956
kharkiv,kyiv,Undirected,3873,,14163
kharkiv,mariupol,Undirected,3874,,8916
kharkiv,nato,Undirected,3875,,4239
kharkiv,odessa,Undirected,3876,,7175
kharkiv,putin,Undirected,3877,,6639
kharkiv,putinwarcrimes,Undirected,3878,,1914
kharkiv,ru_terroriststate,Undirected,3879,,3692
kharkiv,russia,Undirected,3880,,21316
kharkiv,russian,Undirected,3881,,8123
kharkiv,russianarmy,Undirected,3882,,1382
kharkiv,slavaukraini,Undirected,3883,,1486
kharkiv,stop_ru_war,Undirected,3884,,7491
kharkiv,support_ukr,Undirected,3885,,10316
kharkiv,ukraine,Undirected,3886,,55562
kharkiv,ukraine_conflict,Undirected,3887,,1624
kharkiv,ukraine_invasion,Undirected,3888,,2274
kharkiv,ukraine_war,Undirected,3889,,43376
kharkiv,ukraineunderattack,Undirected,3890,,1670
kharkiv,ukrainian,Undirected,3891,,4161
kherson,armukrainenow,Undirected,3892,,1330
kherson,bakhmut,Undirected,3893,,4249
kherson,germany,Undirected,3897,,5293
kherson,kaliningrad,Undirected,3898,,1744
kherson,kiev,Undirected,3900,,1445
kherson,kyiv,Undirected,3901,,8848
kherson,mykolaiv,Undirected,3902,,5044
kherson,nato,Undirected,3903,,5186
kherson,odessa,Undirected,3904,,3859
kherson,putin,Undirected,3905,,8436
kherson,putinwarcrimes,Undirected,3906,,1388
kherson,ru_terroriststate,Undirected,3907,,6031
kherson,russia,Undirected,3908,,29903
kherson,russian,Undirected,3909,,10133
kherson,slavaukraini,Undirected,3910,,4785
kherson,stop_ru_war,Undirected,3911,,6552
kherson,support_ukr,Undirected,3912,,5114
kherson,ukraine,Undirected,3913,,63944
kherson,ukraine_invasion,Undirected,3914,,3807
kherson,ukraine_war,Undirected,3915,,43947
kherson,ukrainewillwin,Undirected,3916,,3907
kherson,ukrainian,Undirected,3917,,5822
kherson,ukrainianarmy,Undirected,3918,,3394
kherson,usa,Undirected,3919,,6813
kherson,war,Undirected,3920,,3280
kherson,zelensky,Undirected,3921,,3107
khersonisukraine,kharkiv,Undirected,3922,,3946
kiev,donbas,Undirected,3923,,1591
kiev,kyiv,Undirected,3925,,12076
kiev,nato,Undirected,3926,,4828
kiev,odessa,Undirected,3927,,2032
kiev,putin,Undirected,3928,,9168
kiev,russia,Undirected,3929,,16104
kiev,russian,Undirected,3930,,5103
kiev,ukraine,Undirected,3931,,32276
kiev,ukraine_conflict,Undirected,3932,,3587
kiev,ukraine_invasion,Undirected,3933,,1571
kiev,ukraine_war,Undirected,3934,,21232
kiev,zelensky,Undirected,3935,,5050
kosovo,ukraine,Undirected,3936,,1670
kramatorsk,ukraine,Undirected,3937,,3366
kramatorsk,ukraine_war,Undirected,3938,,1506
kremlin,putin,Undirected,3939,,15166
kremlin,russia,Undirected,3940,,12497
kremlin,russian,Undirected,3941,,4130
kremlin,ukraine,Undirected,3942,,12053
kremlin,ukraine_war,Undirected,3943,,4758
krieg,polska,Undirected,3944,,1432
kyiv,bucha,Undirected,3945,,1711
kyiv,crimea,Undirected,3946,,2021
kyiv,europe,Undirected,3950,,1984
kyiv,lviv,Undirected,3954,,3476
kyiv,mariupol,Undirected,3955,,6154
kyiv,moscow,Undirected,3956,,6060
kyiv,nato,Undirected,3957,,10462
kyiv,odessa,Undirected,3958,,8586
kyiv,putin,Undirected,3959,,21995
kyiv,putinwarcrimes,Undirected,3960,,4889
kyiv,ru_terroriststate,Undirected,3961,,2386
kyiv,ru_warcrimes,Undirected,3962,,1427
kyiv,russia,Undirected,3963,,49952
kyiv,russian,Undirected,3964,,20299
kyiv,russianarmy,Undirected,3965,,2013
kyiv,russiaukraine,Undirected,3966,,1754
kyiv,slavaukraini,Undirected,3967,,2539
kyiv,stop_ru_war,Undirected,3968,,11074
kyiv,stop_ru_warnaggression,Undirected,3969,,1359
kyiv,support_ukr,Undirected,3970,,11722
kyiv,ukraine,Undirected,3971,,110975
kyiv,ukraine_conflict,Undirected,3972,,9777
kyiv,ukraine_crisis,Undirected,3973,,8358
kyiv,ukraine_invasion,Undirected,3974,,8700
kyiv,ukraine_war,Undirected,3975,,69720
kyiv,ukrainerussia,Undirected,3976,,8675
kyiv,ukraineunderattack,Undirected,3977,,10304
kyiv,ukrainewillwin,Undirected,3978,,1334
kyiv,ukrainian,Undirected,3979,,12482
kyiv,usa,Undirected,3980,,5888
kyiv,war,Undirected,3981,,10118
kyiv,ww3,Undirected,3982,,1663
kyiv,zelensky,Undirected,3983,,11567
latvia,ukraine,Undirected,3984,,3965
lavrov,putin,Undirected,3985,,7459
lavrov,russia,Undirected,3986,,6110
lavrov,ukraine,Undirected,3987,,5128
lavrov,ukraine_war,Undirected,3988,,1638
lgbtq,cryptoartist,Undirected,3989,,6488
lgbtq,nft,Undirected,3990,,13025
lgbtq,nftcollector,Undirected,3991,,6488
lgbtq,rickwezenaar,Undirected,3992,,6488
lgbtq,wezenaar,Undirected,3993,,6488
lithuania,latvia,Undirected,3994,,1627
lithuania,russia,Undirected,3995,,3952
lithuania,ukraine,Undirected,3996,,5762
lithuania,ukraine_war,Undirected,3997,,1668
live,ukraine,Undirected,3998,,1960
london,ukraine,Undirected,3999,,2887
love,ukraine,Undirected,4000,,4789
love,ukraine_war,Undirected,4001,,1530
luhansk,kherson,Undirected,4003,,1879
luhansk,russia,Undirected,4004,,6264
luhansk,stop_ru_war,Undirected,4005,,1475
luhansk,support_ukr,Undirected,4006,,1390
luhansk,ukraine,Undirected,4007,,14153
luhansk,ukraine_war,Undirected,4008,,7089
luhansk,usavirn,Undirected,4009,,1806
lukashenko,putin,Undirected,4010,,4210
lukashenko,ukraine,Undirected,4011,,1720
lviv,kharkiv,Undirected,4012,,1963
lviv,odessa,Undirected,4013,,3301
lviv,stop_ru_war,Undirected,4014,,1329
lviv,ukraine,Undirected,4015,,11825
lviv,ukraine_war,Undirected,4016,,6620
lyman,ukraine,Undirected,4017,,4983
lyman,ukraine_war,Undirected,4018,,4213
macron,putin,Undirected,4019,,7316
macron,russia,Undirected,4020,,3673
macron,ukraine,Undirected,4021,,5763
macron,ukraine_war,Undirected,4022,,1405
maga,gop,Undirected,4023,,1356
maga,putin,Undirected,4024,,5102
maga,ukraine,Undirected,4025,,4139
mariupol,afu,Undirected,4026,,5779
mariupol,armukrainenow,Undirected,4027,,8404
mariupol,crimea,Undirected,4030,,6667
mariupol,kherson,Undirected,4033,,1824
mariupol,khersonisukraine,Undirected,4034,,5045
mariupol,nato,Undirected,4036,,1813
mariupol,odessa,Undirected,4037,,1952
mariupol,putin,Undirected,4038,,8660
mariupol,putinwarcrimes,Undirected,4039,,4305
mariupol,ru_warcrimes,Undirected,4040,,1921
mariupol,russia,Undirected,4041,,18746
mariupol,russian,Undirected,4042,,8240
mariupol,savemariupol,Undirected,4043,,1364
mariupol,slavaukraini,Undirected,4044,,2124
mariupol,stop_ru_war,Undirected,4045,,8960
mariupol,support_ukr,Undirected,4046,,13892
mariupol,ukraine,Undirected,4047,,50873
mariupol,ukraine_invasion,Undirected,4048,,1645
mariupol,ukraine_war,Undirected,4049,,40421
mariupol,ukraine_warnews,Undirected,4050,,7108
mariupol,ukrainian,Undirected,4051,,6412
mariupol,ukrainianpow,Undirected,4052,,3642
mariupol,war,Undirected,4053,,3091
mariupol,zelensky,Undirected,4054,,3182
medium,ukraine,Undirected,4055,,2908
melitopol,ukraine,Undirected,4056,,3713
melitopol,ukraine_war,Undirected,4057,,1487
military,donetsk,Undirected,4058,,6258
military,nato,Undirected,4059,,7500
military,odessa,Undirected,4060,,3337
military,putin,Undirected,4061,,3532
military,russia,Undirected,4062,,15498
military,soldier,Undirected,4063,,5697
military,specialforces,Undirected,4064,,7049
military,ukraine,Undirected,4065,,18379
military,ukraine_war,Undirected,4066,,13794
military,ukrainenews,Undirected,4067,,4265
military,ukrainianarmy,Undirected,4068,,1635
missile,ukraine,Undirected,4069,,3853
missile,ukraine_war,Undirected,4070,,1409
moldova,russia,Undirected,4071,,3237
moldova,ukraine,Undirected,4072,,7941
moscow,kremlin,Undirected,4073,,1568
moscow,nato,Undirected,4075,,3330
moscow,putin,Undirected,4076,,17778
moscow,russia,Undirected,4077,,27328
moscow,russian,Undirected,4078,,7692
moscow,stop_ru_war,Undirected,4079,,1464
moscow,ukraine,Undirected,4080,,23701
moscow,ukraine_war,Undirected,4081,,11718
msnbc,cbs,Undirected,4082,,1633
msnbc,cnbc,Undirected,4083,,1468
msnbc,cnn,Undirected,4084,,2360
msnbc,eu,Undirected,4085,,1655
msnbc,fox,Undirected,4086,,1784
msnbc,foxnews,Undirected,4087,,2388
msnbc,g7,Undirected,4088,,1331
msnbc,gop,Undirected,4089,,1446
msnbc,huffpost,Undirected,4090,,1976
msnbc,nato,Undirected,4091,,1496
msnbc,nbc,Undirected,4092,,1688
msnbc,newsmax,Undirected,4093,,1432
msnbc,npr,Undirected,4094,,1910
msnbc,nyt,Undirected,4095,,1719
msnbc,nytimes,Undirected,4096,,2009
msnbc,politico,Undirected,4097,,1981
msnbc,wapo,Undirected,4098,,1951
msnbc,wsj,Undirected,4099,,1630
music,ukraine,Undirected,4100,,3956
musk,putin,Undirected,4101,,5074
musk,russia,Undirected,4102,,3591
musk,ukraine,Undirected,4103,,6380
musk,ukraine_war,Undirected,4104,,3347
mybodymychoice,slavaukraini,Undirected,4105,,4687
mykolaiv,ukraine,Undirected,4106,,10139
mykolaiv,ukraine_war,Undirected,4107,,2817
mykolayiv,ukraine_war,Undirected,4108,,1844
nafo,fella,Undirected,4109,,2369
nafo,nafo,Undirected,4110,,3867
nafo,ru_terroriststate,Undirected,4111,,4456
nafo,slavaukraini,Undirected,4112,,6011
nafo,ukraine,Undirected,4113,,10582
nafo,ukraine_war,Undirected,4114,,9871
nafo,ukrainewillwin,Undirected,4115,,4262
nato,donetsk,Undirected,4121,,7483
nato,g7,Undirected,4125,,1879
nato,lviv,Undirected,4131,,2825
nato,nato,Undirected,4133,,4241
nato,odessa,Undirected,4134,,6402
nato,poland,Undirected,4135,,9370
nato,putin,Undirected,4136,,65189
nato,putinwarcrimes,Undirected,4137,,7148
nato,ru_terroriststate,Undirected,4138,,3035
nato,russia,Undirected,4139,,102513
nato,russian,Undirected,4140,,18197
nato,russiaukraine,Undirected,4141,,3538
nato,slavaukraini,Undirected,4142,,3775
nato,soldier,Undirected,4143,,5573
nato,stop_ru_war,Undirected,4144,,9959
nato,support_ukr,Undirected,4145,,9060
nato,sweden,Undirected,4146,,5691
nato,uk,Undirected,4147,,6690
nato,ukraine,Undirected,4148,,140261
nato,ukraine_conflict,Undirected,4149,,11230
nato,ukraine_crisis,Undirected,4150,,8644
nato,ukraine_invasion,Undirected,4151,,8822
nato,ukraine_war,Undirected,4152,,85226
nato,ukrainenews,Undirected,4153,,4295
nato,ukrainerussia,Undirected,4154,,3949
nato,ukraineunderattack,Undirected,4155,,4532
nato,ukrainian,Undirected,4156,,10666
nato,ukrainianarmy,Undirected,4157,,5267
nato,un,Undirected,4158,,5636
nato,us,Undirected,4159,,10735
nato,usa,Undirected,4160,,29504
nato,war,Undirected,4161,,16969
nato,ww3,Undirected,4162,,10839
nato,zelensky,Undirected,4163,,15760
natoinukrainenow,stop_ru_war,Undirected,4164,,1794
natoinukrainenow,surrenderputin,Undirected,4165,,1346
nazi,putin,Undirected,4166,,5270
nazi,russia,Undirected,4167,,5950
nazi,ukraine,Undirected,4168,,11011
nazi,ukraine_war,Undirected,4169,,2549
nbc,cbs,Undirected,4170,,1756
nbc,eu,Undirected,4171,,1448
nbc,g7,Undirected,4172,,1337
news,btc,Undirected,4174,,2440
news,nato,Undirected,4176,,3487
news,putin,Undirected,4177,,14049
news,russia,Undirected,4178,,34145
news,russiawar,Undirected,4179,,2334
news,slavaukraini,Undirected,4180,,1399
news,stop_ru_war,Undirected,4181,,2802
news,uk,Undirected,4182,,4227
news,ukraine,Undirected,4183,,41651
news,ukraine_crisis,Undirected,4184,,1391
news,ukraine_war,Undirected,4185,,25573
news,ukrainenews,Undirected,4186,,8161
news,usa,Undirected,4187,,9461
news,war,Undirected,4188,,15460
news,warnews,Undirected,4189,,1591
news,warphoto,Undirected,4190,,1597
news,warvideo,Undirected,4191,,1605
news,world,Undirected,4192,,3144
newsmax,cbs,Undirected,4193,,1332
newsmax,fox,Undirected,4194,,1396
newsmax,gop,Undirected,4195,,1364
newsmax,nbc,Undirected,4196,,1358
newsmax,npr,Undirected,4197,,1424
newsmax,nyt,Undirected,4198,,1406
newsmax,wapo,Undirected,4199,,1418
nft,clearthelist,Undirected,4202,,1400
nft,metaverse,Undirected,4207,,1606
nft,nft,Undirected,4208,,17220
nft,nftart,Undirected,4209,,8880
nft,nftartist,Undirected,4210,,5364
nft,nftcollection,Undirected,4211,,2631
nft,nftcollector,Undirected,4212,,16743
nft,nftcommmunity,Undirected,4213,,1547
nft,nftcommunity,Undirected,4214,,26710
nft,nftdrop,Undirected,4215,,3504
nft,nftgiveaway,Undirected,4216,,1683
nft,nftgiveaways,Undirected,4217,,1983
nft,nftproject,Undirected,4218,,2099
nft,opensea,Undirected,4219,,3013
nft,openseanft,Undirected,4220,,1842
nft,putin,Undirected,4221,,3078
nft,rickwezenaar,Undirected,4222,,12976
nft,russia,Undirected,4223,,5243
nft,today,Undirected,4224,,1403
nft,ukraine,Undirected,4225,,32545
nft,ukraine_war,Undirected,4226,,9017
nft,wezenaar,Undirected,4227,,12976
nftart,nftartist,Undirected,4229,,1655
nftart,nftcommunity,Undirected,4230,,3650
nftart,ukraine,Undirected,4231,,5358
nftartist,ukraine,Undirected,4232,,2419
nftcollector,cryptoartist,Undirected,4233,,6496
nftcollector,rickwezenaar,Undirected,4235,,6488
nftcollector,ukraine,Undirected,4236,,1364
nftcollector,wezenaar,Undirected,4237,,6488
nftcommunity,art,Undirected,4238,,1340
nftcommunity,cryptoartist,Undirected,4239,,6500
nftcommunity,lgbtq,Undirected,4240,,6510
nftcommunity,nftcollector,Undirected,4243,,7296
nftcommunity,rickwezenaar,Undirected,4244,,6488
nftcommunity,ukraine,Undirected,4245,,9403
nftcommunity,ukraine_war,Undirected,4246,,2886
nftcommunity,wezenaar,Undirected,4247,,6488
nftdrop,ukraine,Undirected,4248,,1523
noflyzone,stop_ru_war,Undirected,4249,,9138
noflyzone,support_ukr,Undirected,4250,,4141
noflyzone,ukraine,Undirected,4251,,5475
noflyzone,ukraine_war,Undirected,4252,,2786
nowar,stop_ru_war,Undirected,4253,,4849
nowar,stopwar,Undirected,4254,,2152
nowar,ukraine,Undirected,4255,,11158
nowar,ukraine_war,Undirected,4256,,4925
npr,cbs,Undirected,4257,,1645
npr,eu,Undirected,4258,,1601
npr,fox,Undirected,4259,,1747
npr,g7,Undirected,4260,,1362
npr,nato,Undirected,4261,,1393
npr,nbc,Undirected,4262,,1688
npr,nyt,Undirected,4263,,1756
npr,wapo,Undirected,4264,,1860
nuclear,putin,Undirected,4265,,8941
nuclear,russia,Undirected,4266,,10075
nuclear,ukraine,Undirected,4267,,11032
nuclear,ukraine_war,Undirected,4268,,5886
nuclearwar,russia,Undirected,4269,,4015
nuclearwar,ukraine,Undirected,4270,,4938
nuclearwar,ukraine_war,Undirected,4271,,5174
nyc,ukraine_war,Undirected,4272,,1439
nyt,cbs,Undirected,4273,,1619
nyt,eu,Undirected,4274,,1444
nyt,nbc,Undirected,4275,,1658
nyt,wapo,Undirected,4276,,1772
nytimes,cbs,Undirected,4277,,1661
nytimes,cnbc,Undirected,4278,,1545
nytimes,cnn,Undirected,4279,,2212
nytimes,eu,Undirected,4280,,2153
nytimes,fox,Undirected,4281,,1753
nytimes,g7,Undirected,4282,,1388
nytimes,gop,Undirected,4283,,1465
nytimes,huffpost,Undirected,4284,,2471
nytimes,nato,Undirected,4285,,1865
nytimes,nbc,Undirected,4286,,1714
nytimes,newsmax,Undirected,4287,,1442
nytimes,npr,Undirected,4288,,2062
nytimes,nyt,Undirected,4289,,1780
nytimes,politico,Undirected,4290,,2490
nytimes,wapo,Undirected,4291,,2524
nytimes,wsj,Undirected,4292,,1825
odessa,odessa,Undirected,4297,,2190
odessa,putin,Undirected,4298,,3499
odessa,russia,Undirected,4299,,12850
odessa,stop_ru_war,Undirected,4300,,1982
odessa,support_ukr,Undirected,4301,,1758
odessa,ukraine,Undirected,4302,,26114
odessa,ukraine_war,Undirected,4303,,20749
odessa,ukrainianarmy,Undirected,4304,,2004
odessa,одесса,Undirected,4305,,1860
oil,gas,Undirected,4306,,2554
oil,putin,Undirected,4307,,3916
oil,russia,Undirected,4308,,11291
oil,ukraine,Undirected,4309,,6410
oil,ukraine_war,Undirected,4310,,4344
oligarch,putin,Undirected,4311,,5301
oligarch,ukraine,Undirected,4312,,1519
oott,russia,Undirected,4313,,5148
operationganga,ukraine_war,Undirected,4314,,1503
oprussia,ukraine,Undirected,4315,,3528
oprussia,ukraine_war,Undirected,4316,,1445
osint,russia,Undirected,4317,,2879
osint,ukraine,Undirected,4318,,5411
osint,ukraine_war,Undirected,4319,,4229
pakistan,russia,Undirected,4320,,5709
pakistan,ukraine,Undirected,4321,,4261
palestine,russia,Undirected,4322,,2825
palestine,ukraine,Undirected,4323,,7412
palestine,ukraine_war,Undirected,4324,,3535
peace,love,Undirected,4325,,1486
peace,putin,Undirected,4326,,5867
peace,russia,Undirected,4327,,8958
peace,stop_ru_war,Undirected,4328,,2795
peace,ukraine,Undirected,4329,,21907
peace,ukraine_war,Undirected,4330,,9453
pentagon,ukraine,Undirected,4331,,1512
podcast,ukraine,Undirected,4332,,1351
poland,breaking,Undirected,4333,,5449
poland,breakingnews,Undirected,4334,,5553
poland,finland,Undirected,4336,,1422
poland,krieg,Undirected,4338,,1929
poland,polska,Undirected,4340,,4610
poland,putin,Undirected,4341,,7326
poland,russia,Undirected,4342,,24987
poland,stop_ru_war,Undirected,4343,,1366
poland,support_ukr,Undirected,4344,,1780
poland,ukraine,Undirected,4345,,44745
poland,ukraine_war,Undirected,4346,,16510
poland,usa,Undirected,4347,,5281
poland,war,Undirected,4348,,6181
poland,ww3,Undirected,4349,,2176
polish,ukraine,Undirected,4350,,1497
politico,cbs,Undirected,4351,,1651
politico,eu,Undirected,4352,,1839
politico,fox,Undirected,4353,,1750
politico,g7,Undirected,4354,,1384
politico,gop,Undirected,4355,,1455
politico,huffpost,Undirected,4356,,2439
politico,nato,Undirected,4357,,1601
politico,nbc,Undirected,4358,,1702
politico,newsmax,Undirected,4359,,1441
politico,npr,Undirected,4360,,1945
politico,nyt,Undirected,4361,,1768
politico,wapo,Undirected,4362,,1872
politics,biden,Undirected,4363,,1451
politics,news,Undirected,4364,,2854
politics,putin,Undirected,4365,,6559
politics,russia,Undirected,4366,,8518
politics,ukraine,Undirected,4367,,8145
politics,ukraine_war,Undirected,4368,,1943
politics,war,Undirected,4369,,2718
politics,world,Undirected,4370,,2141
polska,ukraine,Undirected,4371,,7675
pray_ukr,russiaukraine,Undirected,4372,,13543
pray_ukr,saveukraine,Undirected,4373,,14250
pray_ukr,stop_ru_war,Undirected,4374,,16974
pray_ukr,support_ukr,Undirected,4375,,4941
pray_ukr,ukraine,Undirected,4376,,9653
pray_ukr,ukraine_invasion,Undirected,4377,,15963
pray_ukr,ukraine_war,Undirected,4378,,5009
president,putin,Undirected,4379,,2224
president,ukraine,Undirected,4380,,1695
propaganda,russia,Undirected,4381,,4153
propaganda,ukraine,Undirected,4382,,4705
propaganda,ukraine_war,Undirected,4383,,3332
putin,armukrainenow,Undirected,4384,,1791
putin,cnn,Undirected,4394,,2877
putin,crimesagainsthumanity,Undirected,4397,,1593
putin,dictator,Undirected,4399,,1363
putin,dictatorship,Undirected,4400,,1334
putin,energy,Undirected,4403,,1443
putin,freedom,Undirected,4410,,1409
putin,fuckputin,Undirected,4411,,2497
putin,genocideofukrainians,Undirected,4414,,1380
putin,kerchbridge,Undirected,4424,,1703
putin,kgb,Undirected,4425,,1331
putin,luhansk,Undirected,4432,,2097
putin,lviv,Undirected,4434,,1424
putin,msnbc,Undirected,4440,,1372
putin,nafo,Undirected,4442,,1448
putin,noflyzone,Undirected,4447,,1373
putin,nowar,Undirected,4448,,2928
putin,nuclearwar,Undirected,4450,,2309
putin,nuclearweapons,Undirected,4451,,1400
putin,nuke,Undirected,4452,,2203
putin,potus,Undirected,4459,,1779
putin,propaganda,Undirected,4460,,2214
putin,putin,Undirected,4461,,29346
putin,putinswar,Undirected,4462,,13364
putin,putinswarcrimes,Undirected,4463,,1433
putin,putinwarcrimes,Undirected,4464,,46514
putin,putler,Undirected,4465,,9366
putin,ru_terroriststate,Undirected,4466,,11882
putin,ru_warcrimes,Undirected,4467,,7795
putin,russia,Undirected,4468,,330372
putin,russian,Undirected,4469,,98325
putin,russianarmy,Undirected,4470,,14912
putin,russiaukraine,Undirected,4471,,10720
putin,russiawar,Undirected,4472,,1813
putin,safeairliftukraine,Undirected,4473,,9112
putin,sanction,Undirected,4474,,8548
putin,scholz,Undirected,4475,,3023
putin,slavaukraini,Undirected,4476,,11620
putin,stalin,Undirected,4477,,1664
putin,stop_ru_war,Undirected,4478,,30614
putin,stop_ru_warnaggression,Undirected,4479,,1693
putin,stopthewar,Undirected,4480,,1334
putin,stopwar,Undirected,4481,,6227
putin,support_ru,Undirected,4482,,2701
putin,support_ukr,Undirected,4483,,34866
putin,sweden,Undirected,4484,,3272
putin,syria,Undirected,4485,,7334
putin,taiwan,Undirected,4486,,2666
putin,terrorist,Undirected,4487,,1548
putin,trump,Undirected,4488,,41745
putin,turkey,Undirected,4489,,4689
putin,uk,Undirected,4490,,10180
putin,ukraine,Undirected,4491,,410318
putin,ukraine_conflict,Undirected,4492,,28275
putin,ukraine_crisis,Undirected,4493,,21922
putin,ukraine_invasion,Undirected,4494,,29012
putin,ukraine_war,Undirected,4495,,162217
putin,ukraine_warnews,Undirected,4496,,2522
putin,ukrainerussia,Undirected,4497,,11959
putin,ukraineunderattack,Undirected,4498,,13771
putin,ukraineunderattaсk,Undirected,4499,,4966
putin,ukrainewillwin,Undirected,4500,,4869
putin,ukrainian,Undirected,4501,,29550
putin,ukrainianarmy,Undirected,4502,,3044
putin,un,Undirected,4503,,7190
putin,us,Undirected,4504,,13861
putin,usa,Undirected,4505,,36032
putin,ussr,Undirected,4506,,3946
putin,video,Undirected,4507,,2409
putin,war,Undirected,4508,,38308
putin,warcrimes,Undirected,4509,,12986
putin,warcriminal,Undirected,4510,,3094
putin,warnews,Undirected,4511,,1707
putin,warphoto,Undirected,4512,,1678
putin,warvideo,Undirected,4513,,1686
putin,west,Undirected,4514,,3965
putin,world,Undirected,4515,,5983
putin,ww3,Undirected,4516,,21320
putin,xi,Undirected,4517,,13465
putin,zelensky,Undirected,4518,,47139
putinatwar,ukraine_war,Undirected,4519,,2332
putinisamasskiller,putinwarcrimes,Undirected,4520,,5480
putinisamasskiller,russiansoldiersrape,Undirected,4521,,1803
putinputain,putinisamasskiller,Undirected,4522,,1945
putinputain,putinwarcrimes,Undirected,4523,,1956
putinputain,russiansoldiersrape,Undirected,4524,,1729
putinswar,putinwarcrimes,Undirected,4527,,17039
putinswar,russia,Undirected,4528,,13587
putinswar,slavaukraini,Undirected,4529,,1718
putinswar,stop_ru_war,Undirected,4530,,6004
putinswar,stop_ru_warnaggression,Undirected,4531,,2824
putinswar,support_ukr,Undirected,4532,,10727
putinswar,ukraine,Undirected,4533,,21746
putinswar,ukraine_invasion,Undirected,4534,,6689
putinswar,ukraine_war,Undirected,4535,,14182
putinswar,ukraineunderattack,Undirected,4536,,3471
putinswarcrimes,ukraine_war,Undirected,4537,,1374
putinswars,armukrainenow,Undirected,4538,,1977
putinswars,boycottrussianoilnow,Undirected,4539,,1889
putinswars,support_ukr,Undirected,4540,,1926
putinwarcrimes,cryptoartist,Undirected,4542,,6491
putinwarcrimes,lgbtq,Undirected,4548,,6513
putinwarcrimes,nft,Undirected,4551,,13127
putinwarcrimes,nftcollector,Undirected,4552,,6505
putinwarcrimes,nftcommunity,Undirected,4553,,6563
putinwarcrimes,pedoputin,Undirected,4554,,1451
putinwarcrimes,putinlies,Undirected,4556,,1600
putinwarcrimes,putinswarcrimes,Undirected,4558,,1678
putinwarcrimes,putinwarcrimes,Undirected,4559,,20650
putinwarcrimes,putler,Undirected,4560,,20286
putinwarcrimes,rickwezenaar,Undirected,4561,,6488
putinwarcrimes,ru_terroriststate,Undirected,4562,,25912
putinwarcrimes,ru_warcrimes,Undirected,4563,,19267
putinwarcrimes,russia,Undirected,4564,,35297
putinwarcrimes,russian,Undirected,4565,,18225
putinwarcrimes,russianarmy,Undirected,4566,,7443
putinwarcrimes,russiansoldiersrape,Undirected,4567,,1815
putinwarcrimes,russiawarcrimes,Undirected,4568,,4274
putinwarcrimes,slavaukraini,Undirected,4569,,29911
putinwarcrimes,stop_ru_war,Undirected,4570,,56079
putinwarcrimes,stop_ru_warnaggression,Undirected,4571,,6783
putinwarcrimes,stopukraine_war,Undirected,4572,,4753
putinwarcrimes,stopwar,Undirected,4573,,3343
putinwarcrimes,support_ukr,Undirected,4574,,59655
putinwarcrimes,ukraine,Undirected,4575,,88095
putinwarcrimes,ukraine_conflict,Undirected,4576,,4091
putinwarcrimes,ukraine_invasion,Undirected,4577,,20742
putinwarcrimes,ukraine_war,Undirected,4578,,69513
putinwarcrimes,ukrainerussia,Undirected,4579,,3414
putinwarcrimes,ukraineunderattack,Undirected,4580,,13677
putinwarcrimes,ukraineunderattaсk,Undirected,4581,,6293
putinwarcrimes,ukrainewillwin,Undirected,4582,,4883
putinwarcrimes,ukrainian,Undirected,4583,,7002
putinwarcrimes,usa,Undirected,4584,,3278
putinwarcrimes,war,Undirected,4585,,4553
putinwarcrimes,warcrimes,Undirected,4586,,7298
putinwarcrimes,wezenaar,Undirected,4587,,6488
putinwarcrimes,zelensky,Undirected,4588,,8129
putler,russia,Undirected,4591,,5684
putler,slavaukraini,Undirected,4592,,1958
putler,stop_ru_war,Undirected,4593,,7631
putler,support_ukr,Undirected,4594,,5904
putler,ukraine,Undirected,4595,,11404
putler,ukraine_invasion,Undirected,4596,,2993
putler,ukraine_war,Undirected,4597,,11092
racism,russia,Undirected,4598,,1798
racism,truth,Undirected,4599,,1467
racism,ukraine,Undirected,4600,,5091
racism,ukraine_war,Undirected,4601,,2613
recipe,delicious,Undirected,4602,,1518
recipe,diet,Undirected,4603,,1488
recipe,food,Undirected,4604,,1506
recipe,putin,Undirected,4605,,1489
recipe,recipeoftheday,Undirected,4606,,1489
recipe,ukraine,Undirected,4607,,1455
refugee,ukraine,Undirected,4608,,13053
refugee,ukraine_war,Undirected,4609,,4655
roevswade,mybodymychoice,Undirected,4610,,2025
roevswade,slavaukraini,Undirected,4611,,4040
roevswade,womensrightsarehumanrights,Undirected,4612,,2018
romania,ukraine,Undirected,4613,,6222
ru_terroriststate,ru_terroriststate,Undirected,4622,,16303
ru_terroriststate,ru_warcrimes,Undirected,4623,,16728
ru_terroriststate,ru_warcrimesinukraine,Undirected,4624,,1415
ru_terroriststate,russia,Undirected,4625,,31545
ru_terroriststate,russiaislosing,Undirected,4626,,8715
ru_terroriststate,russian,Undirected,4627,,17350
ru_terroriststate,russianarmy,Undirected,4628,,5905
ru_terroriststate,russiaterroriststate,Undirected,4629,,1827
ru_terroriststate,slavaukraini,Undirected,4630,,17438
ru_terroriststate,stop_ru_war,Undirected,4631,,29486
ru_terroriststate,stop_ru_warnaggression,Undirected,4632,,6043
ru_terroriststate,support_ukr,Undirected,4633,,29946
ru_terroriststate,ukraine,Undirected,4634,,73691
ru_terroriststate,ukraine_invasion,Undirected,4635,,8003
ru_terroriststate,ukraine_war,Undirected,4636,,85633
ru_terroriststate,ukraineunderattack,Undirected,4637,,6346
ru_terroriststate,ukrainewillwin,Undirected,4638,,19928
ru_terroriststate,ukrainian,Undirected,4639,,11467
ru_terroriststate,ukrainianarmy,Undirected,4640,,5612
ru_warcrimes,freenavalny,Undirected,4644,,8421
ru_warcrimes,natoinukrainenow,Undirected,4646,,1666
ru_warcrimes,putinswar,Undirected,4648,,8718
ru_warcrimes,putinthepoisoner,Undirected,4649,,1859
ru_warcrimes,ru_warcrimes,Undirected,4652,,4886
ru_warcrimes,russia,Undirected,4653,,23720
ru_warcrimes,russian,Undirected,4654,,9554
ru_warcrimes,russiaterroriststate,Undirected,4655,,2146
ru_warcrimes,slavaukraini,Undirected,4656,,5659
ru_warcrimes,stop_ru_war,Undirected,4657,,21759
ru_warcrimes,stop_ru_warnaggression,Undirected,4658,,6829
ru_warcrimes,support_ukr,Undirected,4659,,24748
ru_warcrimes,surrenderputin,Undirected,4660,,1362
ru_warcrimes,surveillance,Undirected,4661,,9415
ru_warcrimes,ukraine,Undirected,4662,,35910
ru_warcrimes,ukraine_invasion,Undirected,4663,,8343
ru_warcrimes,ukraine_war,Undirected,4664,,40925
ru_warcrimes,ukraineunderattack,Undirected,4665,,6666
ru_warcrimes,ukrainewillwin,Undirected,4666,,5239
russia,amireca,Undirected,4669,,4254
russia,blacksea,Undirected,4680,,1695
russia,cdnpoli,Undirected,4686,,1530
russia,cnn,Undirected,4689,,2673
russia,democracy,Undirected,4695,,1873
russia,diplomacy,Undirected,4697,,1435
russia,dnipro,Undirected,4698,,1408
russia,dpr,Undirected,4701,,2177
russia,economy,Undirected,4703,,2529
russia,england,Undirected,4705,,1494
russia,estonia,Undirected,4706,,1976
russia,fact,Undirected,4710,,1554
russia,freedomofrussia,Undirected,4714,,1982
russia,fuckputin,Undirected,4716,,2005
russia,genocideofukrainians,Undirected,4720,,1862
russia,geopolitics,Undirected,4721,,2604
russia,invasion,Undirected,4730,,3776
russia,isupport_ukr,Undirected,4734,,2203
russia,kaliningrad,Undirected,4737,,2968
russia,krieg,Undirected,4743,,2136
russia,latvia,Undirected,4745,,1648
russia,lpr,Undirected,4748,,1438
russia,lviv,Undirected,4750,,3448
russia,lyman,Undirected,4751,,1665
russia,maga,Undirected,4753,,2061
russia,missile,Undirected,4756,,1915
russia,mobilization,Undirected,4757,,1433
russia,nafo,Undirected,4761,,3133
russia,nordstream2,Undirected,4766,,1412
russia,northkorea,Undirected,4767,,2634
russia,nowar,Undirected,4768,,3463
russia,oligarch,Undirected,4773,,2463
russia,pahonia,Undirected,4776,,1926
russia,polska,Undirected,4782,,4419
russia,refugee,Undirected,4788,,1493
russia,ruble,Undirected,4791,,1802
russia,russia,Undirected,4792,,39608
russia,russia_ukraine,Undirected,4793,,1785
russia,russiaaggression,Undirected,4794,,5041
russia,russiaislosing,Undirected,4795,,2917
russia,russian,Undirected,4796,,116733
russia,russianarmy,Undirected,4797,,25359
russia,russiansoldiers,Undirected,4798,,1453
russia,russiaterroriststate,Undirected,4799,,1558
russia,russiaukraine,Undirected,4800,,23564
russia,russiawar,Undirected,4801,,2315
russia,russiawarcrimes,Undirected,4802,,1526
russia,russie,Undirected,4803,,3171
russia,russland,Undirected,4804,,3215
russia,sanction,Undirected,4805,,21152
russia,saudiarabia,Undirected,4806,,3369
russia,saveukraine,Undirected,4807,,1711
russia,security,Undirected,4808,,1839
russia,serbia,Undirected,4809,,4311
russia,slavaukraini,Undirected,4810,,15704
russia,soldier,Undirected,4811,,6089
russia,stop_ru_war,Undirected,4812,,39770
russia,stop_ru_warnaggression,Undirected,4813,,4404
russia,stopthewar,Undirected,4814,,1442
russia,stopukraine_war,Undirected,4815,,1707
russia,stopwar,Undirected,4816,,7673
russia,support_ru,Undirected,4817,,4055
russia,support_ukr,Undirected,4818,,47361
russia,surveillance,Undirected,4819,,5063
russia,sweden,Undirected,4820,,6844
russia,swift,Undirected,4821,,2466
russia,syria,Undirected,4822,,14405
russia,taiwan,Undirected,4823,,7926
russia,terrorism,Undirected,4824,,1760
russia,terrorist,Undirected,4825,,1689
russia,thefallofrussia,Undirected,4826,,2242
russia,tpyxa,Undirected,4827,,1797
russia,trend,Undirected,4828,,1602
russia,trump,Undirected,4829,,17275
russia,truth,Undirected,4830,,9126
russia,turkey,Undirected,4831,,14094
russia,uk,Undirected,4832,,24023
russia,ukrain,Undirected,4833,,1719
russia,ukraine,Undirected,4834,,877973
russia,ukraine_conflict,Undirected,4835,,58993
russia,ukraine_crisis,Undirected,4836,,53027
russia,ukraine_invasion,Undirected,4837,,60972
russia,ukraine_war,Undirected,4838,,444680
russia,ukraine_warnews,Undirected,4839,,5107
russia,ukraine_war️,Undirected,4840,,1864
russia,ukrainecounteroffensive,Undirected,4841,,1947
russia,ukrainenews,Undirected,4842,,14404
russia,ukrainerussia,Undirected,4843,,28370
russia,ukrainerussie,Undirected,4844,,1516
russia,ukraineunderattack,Undirected,4845,,27646
russia,ukraineunderattaсk,Undirected,4846,,8446
russia,ukrainewillwin,Undirected,4847,,11059
russia,ukrainian,Undirected,4848,,61045
russia,ukrainianarmy,Undirected,4849,,12079
russia,un,Undirected,4850,,15195
russia,unsc,Undirected,4851,,1521
russia,us,Undirected,4852,,35637
russia,usa,Undirected,4853,,75256
russia,ussr,Undirected,4854,,4586
russia,video,Undirected,4855,,3645
russia,war,Undirected,4856,,84191
russia,warcrimes,Undirected,4857,,13183
russia,warnews,Undirected,4858,,1732
russia,warphoto,Undirected,4859,,1680
russia,warvideo,Undirected,4860,,1693
russia,weapon,Undirected,4861,,1331
russia,west,Undirected,4862,,4777
russia,world,Undirected,4863,,7913
russia,ww3,Undirected,4864,,23424
russia,xi,Undirected,4865,,4984
russia,z,Undirected,4866,,1465
russia,zaporizhzhia,Undirected,4867,,4310
russia,zelensky,Undirected,4868,,44883
russia_ukraine,ukraine_war,Undirected,4869,,1478
russiaaggression,censorship,Undirected,4870,,4875
russiaaggression,dictatorship,Undirected,4871,,4887
russiaaggression,freenavalny,Undirected,4872,,4196
russiaaggression,putinswar,Undirected,4873,,3914
russiaaggression,ru_warcrimes,Undirected,4874,,9501
russiaaggression,surveillance,Undirected,4876,,4839
russiaislosing,putinwarcrimes,Undirected,4877,,2051
russiaislosing,slavaukraini,Undirected,4879,,1417
russiaislosing,ukraine,Undirected,4880,,6609
russiaislosing,ukraine_war,Undirected,4881,,8752
russiaislosing,ukrainewillwin,Undirected,4882,,3687
russian,armukrainenow,Undirected,4883,,3961
russian,bakhmut,Undirected,4884,,1555
russian,belarus,Undirected,4885,,1960
russian,crimea,Undirected,4888,,2401
russian,genocideofukrainians,Undirected,4893,,1951
russian,india,Undirected,4895,,1561
russian,invasion,Undirected,4896,,1639
russian,luhansk,Undirected,4902,,1446
russian,military,Undirected,4904,,2099
russian,nafo,Undirected,4906,,1497
russian,nazi,Undirected,4908,,1971
russian,news,Undirected,4909,,3825
russian,nuclear,Undirected,4910,,1421
russian,odessa,Undirected,4911,,1849
russian,poland,Undirected,4912,,1867
russian,putinswar,Undirected,4914,,2717
russian,putler,Undirected,4916,,1868
russian,russian,Undirected,4920,,15332
russian,russianarmy,Undirected,4921,,18200
russian,russiansoldiers,Undirected,4922,,1380
russian,russiaukraine,Undirected,4923,,6766
russian,russiawar,Undirected,4924,,1819
russian,sanction,Undirected,4925,,1872
russian,slavaukraini,Undirected,4926,,8030
russian,stop_ru_war,Undirected,4927,,22012
russian,stop_ru_warnaggression,Undirected,4928,,3521
russian,stopwar,Undirected,4929,,1761
russian,support_ukr,Undirected,4930,,16433
russian,uk,Undirected,4931,,3285
russian,ukraine,Undirected,4932,,225018
russian,ukraine_conflict,Undirected,4933,,18006
russian,ukraine_crisis,Undirected,4934,,11776
russian,ukraine_invasion,Undirected,4935,,22042
russian,ukraine_war,Undirected,4936,,183214
russian,ukraine_warnews,Undirected,4937,,3340
russian,ukrainerussia,Undirected,4938,,13050
russian,ukraineunderattack,Undirected,4939,,15565
russian,ukraineunderattaсk,Undirected,4940,,4906
russian,ukrainewillwin,Undirected,4941,,8020
russian,ukrainian,Undirected,4942,,52440
russian,ukrainianarmy,Undirected,4943,,9082
russian,us,Undirected,4944,,5156
russian,usa,Undirected,4945,,14023
russian,video,Undirected,4946,,2687
russian,war,Undirected,4947,,18860
russian,warcrimes,Undirected,4948,,3329
russian,warnews,Undirected,4949,,1671
russian,warphoto,Undirected,4950,,1682
russian,warvideo,Undirected,4951,,1705
russian,ww3,Undirected,4952,,5397
russian,zelensky,Undirected,4953,,11811
russianarmy,kherson,Undirected,4954,,1415
russianarmy,nato,Undirected,4955,,2209
russianarmy,ru_warcrimes,Undirected,4959,,2006
russianarmy,slavaukraini,Undirected,4962,,1672
russianarmy,stop_ru_war,Undirected,4963,,4250
russianarmy,support_ukr,Undirected,4964,,5007
russianarmy,ukraine,Undirected,4965,,39929
russianarmy,ukraine_conflict,Undirected,4966,,3204
russianarmy,ukraine_invasion,Undirected,4967,,7728
russianarmy,ukraine_war,Undirected,4968,,53808
russianarmy,ukraineunderattack,Undirected,4969,,4847
russianarmy,ukraineunderattaсk,Undirected,4970,,1409
russianarmy,ukrainewillwin,Undirected,4971,,3879
russianarmy,ukrainian,Undirected,4972,,6986
russianarmy,ukrainianarmy,Undirected,4973,,4793
russianarmy,zelensky,Undirected,4974,,3170
russianlosses,ukraine_war,Undirected,4975,,4007
russiansoldiers,ukraine,Undirected,4976,,3319
russiansoldiers,ukraine_war,Undirected,4977,,4543
russiaterroriststate,natoinukrainenow,Undirected,4978,,1521
russiaterroriststate,stop_ru_war,Undirected,4979,,2565
russiaterroriststate,ukraine_war,Undirected,4980,,4269
russiaukraine,saveukraine,Undirected,4985,,13641
russiaukraine,stop_ru_war,Undirected,4986,,14854
russiaukraine,ukraine,Undirected,4987,,32321
russiaukraine,ukraine_conflict,Undirected,4988,,13564
russiaukraine,ukraine_crisis,Undirected,4989,,12396
russiaukraine,ukraine_invasion,Undirected,4990,,22278
russiaukraine,ukraine_war,Undirected,4991,,37555
russiaukraine,ukrainerussia,Undirected,4992,,4223
russiaukraine,ww3,Undirected,4993,,3729
russiawar,usa,Undirected,4994,,1873
russiawar,war,Undirected,4995,,1884
russiawarcrimes,stop_ru_war,Undirected,4997,,4571
russiawarcrimes,ukraine,Undirected,4998,,4547
russiawarcrimes,ukraine_war,Undirected,4999,,4197
russie,ukraine,Undirected,5001,,4562
russland,ukraine,Undirected,5003,,4616
safeairliftukraine,stop_ru_war,Undirected,5004,,9187
sanction,ukraine,Undirected,5007,,13484
sanction,ukraine_crisis,Undirected,5008,,1382
sanction,ukraine_war,Undirected,5009,,9542
savemariupol,stop_ru_war,Undirected,5011,,1443
saveukraine,helpukraine,Undirected,5012,,1652
saveukraine,stop_ru_war,Undirected,5013,,23864
saveukraine,support_ukr,Undirected,5014,,6354
saveukraine,ukraine,Undirected,5015,,9134
saveukraine,ukraine_invasion,Undirected,5016,,13950
saveukraine,ukraine_war,Undirected,5017,,5030
scholz,ukraine,Undirected,5019,,3735
sendthejets,stop_ru_war,Undirected,5020,,1675
serbia,ukraine,Undirected,5022,,2349
severodonetsk,ukraine,Undirected,5023,,3689
severodonetsk,ukraine_war,Undirected,5024,,1981
shorts,ukraine,Undirected,5025,,1368
slavaukraini,cryptoartist,Undirected,5027,,6488
slavaukraini,glorytotheheroes,Undirected,5029,,1613
slavaukraini,heroiamslava,Undirected,5030,,1855
slavaukraini,heroyamslava,Undirected,5031,,3217
slavaukraini,lgbtq,Undirected,5034,,6493
slavaukraini,misstrauensvotum,Undirected,5035,,1336
slavaukraini,nft,Undirected,5038,,13223
slavaukraini,nftcollector,Undirected,5039,,6540
slavaukraini,nftcommunity,Undirected,5040,,6587
slavaukraini,rickwezenaar,Undirected,5043,,6488
slavaukraini,slavaukraini,Undirected,5047,,19435
slavaukraini,stop_ru_war,Undirected,5048,,45684
slavaukraini,stop_ru_warnaggression,Undirected,5049,,4851
slavaukraini,support_ukr,Undirected,5050,,55871
slavaukraini,supportukraine,Undirected,5051,,1463
slavaukraini,ukraine,Undirected,5052,,72774
slavaukraini,ukraine_invasion,Undirected,5053,,6346
slavaukraini,ukraine_war,Undirected,5054,,35959
slavaukraini,ukraineunderattack,Undirected,5055,,3598
slavaukraini,ukrainewillwin,Undirected,5056,,15815
slavaukraini,ukrainian,Undirected,5057,,11556
slavaukraini,wesupport_ukr,Undirected,5058,,1500
slavaukraini,wezenaar,Undirected,5059,,6488
slavaukraini,zelensky,Undirected,5060,,6140
slovakia,ukraine,Undirected,5061,,1820
soldier,odessa,Undirected,5062,,3267
soldier,ukrainenews,Undirected,5063,,4221
soldier,ukrainianarmy,Undirected,5064,,1531
spain,ukraine,Undirected,5065,,2910
specialforces,donetsk,Undirected,5066,,6184
specialforces,nato,Undirected,5067,,6640
specialforces,odessa,Undirected,5068,,3260
specialforces,russia,Undirected,5069,,6880
specialforces,soldier,Undirected,5070,,5529
specialforces,ukrainenews,Undirected,5071,,4216
specialforces,ukrainianarmy,Undirected,5072,,1507
starlink,ukraine,Undirected,5073,,1427
stop_ru_war,boycottrussia,Undirected,5075,,2985
stop_ru_war,cina,Undirected,5076,,1389
stop_ru_war,cryptoartist,Undirected,5079,,12977
stop_ru_war,european,Undirected,5082,,2214
stop_ru_war,helpukrainenow,Undirected,5088,,1483
stop_ru_war,india,Undirected,5089,,1469
stop_ru_war,lgbtq,Undirected,5094,,13000
stop_ru_war,nft,Undirected,5097,,26588
stop_ru_war,nftcollector,Undirected,5098,,13010
stop_ru_war,nftcommunity,Undirected,5099,,13245
stop_ru_war,noukraine_war,Undirected,5101,,2974
stop_ru_war,rickwezenaar,Undirected,5109,,12976
stop_ru_war,russiawar,Undirected,5115,,1656
stop_ru_war,stop_ru_war,Undirected,5119,,85411
stop_ru_war,stop_ru_warnaggression,Undirected,5120,,45524
stop_ru_war,stop_ru_warnagression,Undirected,5121,,7157
stop_ru_war,stop_ru_warswar,Undirected,5122,,3506
stop_ru_war,stopthewar,Undirected,5123,,8688
stop_ru_war,stopukraine_war,Undirected,5124,,29588
stop_ru_war,stopwar,Undirected,5125,,31941
stop_ru_war,support_ukr,Undirected,5126,,159522
stop_ru_war,supportukraine,Undirected,5127,,7524
stop_ru_war,ukraine,Undirected,5128,,151558
stop_ru_war,ukraine_conflict,Undirected,5129,,1493
stop_ru_war,ukraine_invasion,Undirected,5130,,30287
stop_ru_war,ukraine_war,Undirected,5131,,102718
stop_ru_war,ukrainenews,Undirected,5132,,1616
stop_ru_war,ukrainerussia,Undirected,5133,,3649
stop_ru_war,ukraineunderattack,Undirected,5134,,18907
stop_ru_war,ukraineunderattaсk,Undirected,5135,,6519
stop_ru_war,ukrainewillwin,Undirected,5136,,6500
stop_ru_war,ukrainian,Undirected,5137,,10518
stop_ru_war,us,Undirected,5138,,1638
stop_ru_war,usa,Undirected,5139,,3649
stop_ru_war,war,Undirected,5140,,11193
stop_ru_war,warcrimes,Undirected,5141,,8461
stop_ru_war,wezenaar,Undirected,5142,,12976
stop_ru_war,world,Undirected,5143,,2342
stop_ru_war,zelensky,Undirected,5144,,6854
stop_ru_warnaggression,boycottrussia,Undirected,5146,,1542
stop_ru_warnaggression,noukraine_war,Undirected,5149,,1591
stop_ru_warnaggression,russiawarcrimes,Undirected,5154,,1406
stop_ru_warnaggression,stopukraine_war,Undirected,5157,,7458
stop_ru_warnaggression,stopwar,Undirected,5158,,5386
stop_ru_warnaggression,support_ukr,Undirected,5159,,32989
stop_ru_warnaggression,ukraine,Undirected,5160,,23726
stop_ru_warnaggression,ukraine_invasion,Undirected,5161,,8835
stop_ru_warnaggression,ukraine_war,Undirected,5162,,14866
stop_ru_warnaggression,ukraineunderattack,Undirected,5163,,6270
stopthewar,ukraine,Undirected,5166,,6516
stopthewar,ukraine_war,Undirected,5167,,3681
stopukraine_war,stopwar,Undirected,5171,,3088
stopukraine_war,support_ukr,Undirected,5172,,9569
stopukraine_war,ukraine,Undirected,5173,,13259
stopukraine_war,ukraine_war,Undirected,5174,,10116
stopwar,support_ukr,Undirected,5181,,11747
stopwar,ukraine,Undirected,5182,,25558
stopwar,ukraine_conflict,Undirected,5183,,3736
stopwar,ukraine_invasion,Undirected,5184,,5925
stopwar,ukraine_war,Undirected,5185,,23959
stopwar,ww3,Undirected,5186,,2838
sumy,ukraine,Undirected,5187,,3472
sumy,ukraine_war,Undirected,5188,,1584
support_ru,naziukraine,Undirected,5189,,1396
support_ru,russian,Undirected,5191,,1471
support_ru,support_ru,Undirected,5192,,6452
support_ru,ukraine,Undirected,5193,,3799
support_ru,ukraine_war,Undirected,5194,,8180
support_ukr,afu,Undirected,5195,,5878
support_ukr,boycottrussia,Undirected,5197,,2135
support_ukr,boycottrussianoilnow,Undirected,5198,,1887
support_ukr,censorship,Undirected,5199,,4195
support_ukr,closetheskyoverukraine,Undirected,5201,,1403
support_ukr,crimea,Undirected,5202,,6508
support_ukr,defeatputin,Undirected,5203,,1775
support_ukr,dictatorship,Undirected,5204,,4224
support_ukr,digitalresistance,Undirected,5205,,4359
support_ukr,freenavalny,Undirected,5207,,3575
support_ukr,khersonisukraine,Undirected,5214,,5178
support_ukr,nft,Undirected,5218,,1748
support_ukr,noukraine_war,Undirected,5220,,1839
support_ukr,nowar,Undirected,5221,,1695
support_ukr,russiaaggression,Undirected,5230,,4217
support_ukr,russiawarcrimes,Undirected,5233,,1570
support_ukr,stop_ru_warnagression,Undirected,5238,,1943
support_ukr,stopthewar,Undirected,5239,,1916
support_ukr,support_ukr,Undirected,5242,,11545
support_ukr,supportukraine,Undirected,5243,,6553
support_ukr,surveillance,Undirected,5244,,4159
support_ukr,ukraine,Undirected,5245,,187141
support_ukr,ukraine_conflict,Undirected,5246,,4128
support_ukr,ukraine_crisis,Undirected,5247,,3412
support_ukr,ukraine_invasion,Undirected,5248,,20247
support_ukr,ukraine_war,Undirected,5249,,120844
support_ukr,ukraine_warnews,Undirected,5250,,6842
support_ukr,ukrainerussia,Undirected,5251,,1557
support_ukr,ukraineunderattack,Undirected,5252,,16022
support_ukr,ukraineunderattaсk,Undirected,5253,,5918
support_ukr,ukrainewillwin,Undirected,5254,,24453
support_ukr,ukrainian,Undirected,5255,,13971
support_ukr,ukrainianpow,Undirected,5256,,3662
support_ukr,usa,Undirected,5257,,3704
support_ukr,war,Undirected,5258,,8512
support_ukr,warcrimes,Undirected,5259,,6660
support_ukr,zelensky,Undirected,5260,,9941
supportukraine,ukraine,Undirected,5263,,9984
supportukraine,ukraine_war,Undirected,5264,,5806
surveillance,censorship,Undirected,5265,,4858
surveillance,freenavalny,Undirected,5266,,4206
surveillance,putinswar,Undirected,5267,,3858
sweden,ukraine,Undirected,5274,,7807
sweden,ukraine_war,Undirected,5275,,2306
swift,ukraine,Undirected,5276,,2805
syria,assad,Undirected,5277,,1567
syria,ukraine,Undirected,5280,,17158
syria,ukraine_war,Undirected,5281,,1969
taiwan,ukraine,Undirected,5284,,12068
taiwan,ukraine_war,Undirected,5285,,4176
thefallofputin,evilputin,Undirected,5286,,2279
thefallofputin,freedomofrussia,Undirected,5287,,1946
thefallofputin,getputin,Undirected,5288,,2381
thefallofputin,pahonia,Undirected,5289,,1878
thefallofputin,russia,Undirected,5290,,2106
thefallofputin,thefallofrussia,Undirected,5291,,2243
thefallofputin,ukraine,Undirected,5292,,2362
thefallofrussia,freedomofrussia,Undirected,5293,,1960
thefallofrussia,pahonia,Undirected,5294,,1886
tigray,ukraine,Undirected,5295,,5516
tiktok,ukraine,Undirected,5296,,2786
trend,ukraine,Undirected,5297,,4080
trump,blm,Undirected,5299,,1569
trump,covid,Undirected,5300,,1637
trump,fascism,Undirected,5301,,1531
trump,gqp,Undirected,5303,,1369
trump,maga,Undirected,5304,,1839
trump,nato,Undirected,5305,,1727
trump,racism,Undirected,5307,,1785
trump,russian,Undirected,5309,,1517
trump,trump,Undirected,5310,,3223
trump,truth,Undirected,5311,,1768
trump,ukraine,Undirected,5312,,21695
trump,ukraine_war,Undirected,5313,,9201
trump,usa,Undirected,5314,,4964
truth,fact,Undirected,5315,,1612
truth,justice,Undirected,5316,,5740
truth,putin,Undirected,5317,,6334
truth,putinwarcrimes,Undirected,5318,,1380
truth,ukraine,Undirected,5320,,5251
truth,ukraine_war,Undirected,5321,,5561
tuckercarlson,putin,Undirected,5322,,1378
turkey,erdogan,Undirected,5323,,1442
turkey,nato,Undirected,5324,,2037
turkey,syria,Undirected,5327,,1443
turkey,ukraine,Undirected,5328,,11155
turkey,ukraine_war,Undirected,5329,,4346
twitter,ukraine,Undirected,5330,,3594
uae,russia,Undirected,5331,,1418
uk,canada,Undirected,5332,,1492
uk,china,Undirected,5333,,1406
uk,support_ukr,Undirected,5343,,1402
uk,uk,Undirected,5344,,2102
uk,ukraine,Undirected,5345,,31895
uk,ukraine_war,Undirected,5346,,15166
uk,us,Undirected,5347,,5514
uk,usa,Undirected,5348,,13489
uk,war,Undirected,5349,,5094
ukan,helpukraine,Undirected,5350,,1531
ukan,saveukraine,Undirected,5351,,1934
ukanforukraine,ukan,Undirected,5352,,1939
ukrain,ukraine_war,Undirected,5353,,1672
ukraine,afu,Undirected,5356,,12860
ukraine,ai,Undirected,5357,,1471
ukraine,amireca,Undirected,5358,,6332
ukraine,artist,Undirected,5363,,1412
ukraine,auspol,Undirected,5364,,2693
ukraine,azovbattalion,Undirected,5368,,1478
ukraine,cat,Undirected,5383,,1610
ukraine,censorship,Undirected,5385,,2688
ukraine,charity,Undirected,5386,,1590
ukraine,cina,Undirected,5391,,1358
ukraine,civilian,Undirected,5392,,1393
ukraine,clearthelist,Undirected,5393,,1402
ukraine,climatecrisis,Undirected,5394,,1395
ukraine,closetheskyoverukraine,Undirected,5396,,2156
ukraine,conflict,Undirected,5398,,1828
ukraine,crimesagainsthumanity,Undirected,5402,,1549
ukraine,dictatorship,Undirected,5408,,2589
ukraine,digitalresistance,Undirected,5409,,4684
ukraine,diplomacy,Undirected,5410,,1671
ukraine,dog,Undirected,5412,,1904
ukraine,donate,Undirected,5413,,1343
ukraine,england,Undirected,5420,,1516
ukraine,ethiopia,Undirected,5423,,1460
ukraine,eurovision2022,Undirected,5428,,1484
ukraine,evilputin,Undirected,5429,,2548
ukraine,fact,Undirected,5430,,2173
ukraine,freedomofrussia,Undirected,5436,,2162
ukraine,freenavalny,Undirected,5437,,2089
ukraine,geopolitics,Undirected,5445,,2453
ukraine,getputin,Undirected,5448,,2605
ukraine,grain,Undirected,5450,,1825
ukraine,help,Undirected,5451,,1402
ukraine,humanitarian,Undirected,5456,,1683
ukraine,humanity,Undirected,5457,,1960
ukraine,indiansinukraine,Undirected,5461,,1391
ukraine,internationalleaks,Undirected,5463,,1398
ukraine,kaliningrad,Undirected,5474,,2553
ukraine,khersonisukraine,Undirected,5478,,11178
ukraine,khersonoffensive,Undirected,5479,,1826
ukraine,krieg,Undirected,5483,,2676
ukraine,lpr,Undirected,5490,,1423
ukraine,lugansk,Undirected,5491,,1381
ukraine,msnbc,Undirected,5504,,1669
ukraine,naziukraine,Undirected,5511,,2000
ukraine,nordstream2,Undirected,5517,,1342
ukraine,noukraine_war,Undirected,5518,,3008
ukraine,nuke,Undirected,5522,,1385
ukraine,nyc,Undirected,5523,,1597
ukraine,nytimes,Undirected,5524,,1518
ukraine,operationganga,Undirected,5527,,1522
ukraine,pahonia,Undirected,5530,,2077
ukraine,peaceforukraine,Undirected,5534,,1853
ukraine,peaceinukraine,Undirected,5535,,1338
ukraine,peacenotwar,Undirected,5536,,1454
ukraine,pedoputin,Undirected,5537,,1383
ukraine,pet,Undirected,5538,,1330
ukraine,potus,Undirected,5542,,1925
ukraine,putinisamasskiller,Undirected,5546,,6437
ukraine,putinputain,Undirected,5547,,2419
ukraine,putinswarcrimes,Undirected,5549,,1539
ukraine,refugeeswelcome,Undirected,5554,,1787
ukraine,ru_warcrimesinukraine,Undirected,5558,,2756
ukraine,russia_ukraine,Undirected,5560,,1898
ukraine,russiaaggression,Undirected,5561,,2328
ukraine,russianaggression,Undirected,5564,,3081
ukraine,russianlosses,Undirected,5566,,2927
ukraine,russiansoldiersrape,Undirected,5568,,2170
ukraine,russiaterroriststate,Undirected,5569,,2604
ukraine,russiawar,Undirected,5571,,6783
ukraine,security,Undirected,5578,,1934
ukraine,soldier,Undirected,5581,,6573
ukraine,specialforces,Undirected,5583,,7129
ukraine,stop_ru_warnagression,Undirected,5586,,2043
ukraine,surveillance,Undirected,5594,,2311
ukraine,terrorism,Undirected,5599,,1339
ukraine,thefallofrussia,Undirected,5600,,2465
ukraine,tigraygenocide,Undirected,5602,,1801
ukraine,today,Undirected,5604,,1641
ukraine,tpyxa,Undirected,5605,,1800
ukraine,tweet100,Undirected,5610,,1944
ukraine,uaarmy,Undirected,5612,,1730
ukraine,ukrain,Undirected,5614,,1561
ukraine,ukraine,Undirected,5615,,145731
ukraine,ukraine_conflict,Undirected,5616,,102251
ukraine,ukraine_crisis,Undirected,5617,,87547
ukraine,ukraine_invasion,Undirected,5618,,127111
ukraine,ukraine_war,Undirected,5619,,964132
ukraine,ukraine_warnews,Undirected,5620,,23849
ukraine,ukraine_war️,Undirected,5621,,7043
ukraine,ukrainearmy,Undirected,5622,,2875
ukraine,ukrainecounteroffensive,Undirected,5623,,11193
ukraine,ukrainefrontlines,Undirected,5624,,2524
ukraine,ukrainen,Undirected,5625,,2981
ukraine,ukrainenews,Undirected,5626,,18804
ukraine,ukrainerussia,Undirected,5627,,63687
ukraine,ukrainerussie,Undirected,5628,,7539
ukraine,ukraineunderattack,Undirected,5629,,85165
ukraine,ukraineunderattaсk,Undirected,5630,,34062
ukraine,ukrainewillwin,Undirected,5631,,58957
ukraine,ukrainian,Undirected,5632,,122909
ukraine,ukrainianarmy,Undirected,5633,,42306
ukraine,un,Undirected,5634,,19191
ukraine,unsc,Undirected,5635,,3961
ukraine,us,Undirected,5636,,39965
ukraine,usa,Undirected,5637,,124741
ukraine,usan,Undirected,5638,,3642
ukraine,usavirn,Undirected,5639,,4129
ukraine,ussr,Undirected,5640,,3340
ukraine,video,Undirected,5641,,6858
ukraine,walterreport,Undirected,5642,,1544
ukraine,war,Undirected,5643,,128423
ukraine,warcrime,Undirected,5644,,1661
ukraine,warcrimes,Undirected,5645,,23125
ukraine,warnews,Undirected,5646,,2250
ukraine,warphoto,Undirected,5647,,2220
ukraine,warvideo,Undirected,5648,,2191
ukraine,warzone,Undirected,5649,,1861
ukraine,washington,Undirected,5650,,1413
ukraine,weapon,Undirected,5651,,3841
ukraine,west,Undirected,5652,,4230
ukraine,wesupport_ukr,Undirected,5653,,6336
ukraine,woman,Undirected,5654,,2121
ukraine,world,Undirected,5655,,9871
ukraine,worldnews,Undirected,5656,,1496
ukraine,ww3,Undirected,5657,,38133
ukraine,xi,Undirected,5658,,3952
ukraine,yemen,Undirected,5659,,5552
ukraine,zaporizhzhia,Undirected,5660,,8935
ukraine,zelensky,Undirected,5661,,99674
ukraine,zelenskywarcriminal,Undirected,5662,,5668
ukraine,нетвойне,Undirected,5663,,1416
ukraine_conflict,btc,Undirected,5665,,1654
ukraine_conflict,putinswar,Undirected,5671,,1358
ukraine_conflict,ukraine_conflict,Undirected,5680,,9322
ukraine_conflict,ukraine_crisis,Undirected,5681,,48375
ukraine_conflict,ukraine_invasion,Undirected,5682,,30357
ukraine_conflict,ukraine_war,Undirected,5683,,62062
ukraine_conflict,ukrainerussia,Undirected,5684,,20036
ukraine_conflict,ukrainerussie,Undirected,5685,,6330
ukraine_conflict,ukraineunderattack,Undirected,5686,,12469
ukraine_conflict,ukrainewillwin,Undirected,5687,,3087
ukraine_conflict,ukrainian,Undirected,5688,,9049
ukraine_conflict,usa,Undirected,5689,,5376
ukraine_conflict,war,Undirected,5690,,7190
ukraine_conflict,ww3,Undirected,5691,,30054
ukraine_conflict,zelensky,Undirected,5692,,6502
ukraine_crisis,ukraine_crisis,Undirected,5704,,14521
ukraine_crisis,ukraine_invasion,Undirected,5705,,27176
ukraine_crisis,ukraine_war,Undirected,5706,,37918
ukraine_crisis,ukrainerussia,Undirected,5707,,17668
ukraine_crisis,ukraineunderattack,Undirected,5708,,7051
ukraine_crisis,ukrainewillwin,Undirected,5709,,2941
ukraine_crisis,ukrainian,Undirected,5710,,5207
ukraine_crisis,usa,Undirected,5711,,4599
ukraine_crisis,war,Undirected,5712,,3583
ukraine_crisis,ww3,Undirected,5713,,9235
ukraine_crisis,zelensky,Undirected,5714,,4044
ukraine_invasion,russianaggression,Undirected,5730,,1370
ukraine_invasion,ukraine_invasion,Undirected,5741,,10371
ukraine_invasion,ukraine_war,Undirected,5742,,124451
ukraine_invasion,ukrainerussia,Undirected,5743,,21885
ukraine_invasion,ukraineunderattack,Undirected,5744,,31093
ukraine_invasion,ukraineunderattaсk,Undirected,5745,,7113
ukraine_invasion,ukrainewillwin,Undirected,5746,,7928
ukraine_invasion,ukrainian,Undirected,5747,,12261
ukraine_invasion,usa,Undirected,5748,,4374
ukraine_invasion,war,Undirected,5749,,5504
ukraine_invasion,warcrimes,Undirected,5750,,1439
ukraine_invasion,ww3,Undirected,5751,,7868
ukraine_invasion,zelensky,Undirected,5752,,7513
ukraine_war,afu,Undirected,5754,,12838
ukraine_war,army,Undirected,5757,,8407
ukraine_war,bbcnews,Undirected,5761,,1612
ukraine_war,dnipro,Undirected,5774,,1438
ukraine_war,fact,Undirected,5781,,2658
ukraine_war,greatuk,Undirected,5789,,2145
ukraine_war,indiansinukraine,Undirected,5794,,1417
ukraine_war,kaliningrad,Undirected,5799,,2412
ukraine_war,khersonisukraine,Undirected,5803,,11287
ukraine_war,khersonoffensive,Undirected,5804,,2042
ukraine_war,krieg,Undirected,5807,,1744
ukraine_war,maga,Undirected,5812,,1432
ukraine_war,mariopol,Undirected,5813,,1694
ukraine_war,natorussiawar,Undirected,5820,,2165
ukraine_war,noukraine_war,Undirected,5825,,2085
ukraine_war,polska,Undirected,5835,,4402
ukraine_war,putinwar,Undirected,5840,,1398
ukraine_war,ru_warcrimesinukraine,Undirected,5846,,3737
ukraine_war,russianaggression,Undirected,5850,,2111
ukraine_war,russianmobilization,Undirected,5853,,1607
ukraine_war,russiawar,Undirected,5857,,8474
ukraine_war,soldier,Undirected,5862,,6040
ukraine_war,specialforces,Undirected,5863,,7103
ukraine_war,stop_ru_warnagression,Undirected,5866,,1559
ukraine_war,trend,Undirected,5874,,2452
ukraine_war,ukraine_war,Undirected,5883,,395640
ukraine_war,ukraine_warnews,Undirected,5884,,34855
ukraine_war,ukraine_warvideos,Undirected,5885,,1773
ukraine_war,ukraine_war️,Undirected,5886,,5513
ukraine_war,ukrainearmy,Undirected,5887,,4647
ukraine_war,ukrainecounteroffensive,Undirected,5888,,13604
ukraine_war,ukrainefrontlines,Undirected,5889,,2936
ukraine_war,ukrainenews,Undirected,5890,,15349
ukraine_war,ukrainerussia,Undirected,5891,,68975
ukraine_war,ukrainerussie,Undirected,5892,,3756
ukraine_war,ukraineunderattack,Undirected,5893,,125611
ukraine_war,ukraineunderattaсk,Undirected,5894,,64066
ukraine_war,ukrainewillwin,Undirected,5895,,59537
ukraine_war,ukrainian,Undirected,5896,,119891
ukraine_war,ukrainianarmy,Undirected,5897,,51555
ukraine_war,ukrainianpow,Undirected,5898,,7331
ukraine_war,un,Undirected,5899,,8894
ukraine_war,us,Undirected,5900,,12747
ukraine_war,usa,Undirected,5901,,61417
ukraine_war,video,Undirected,5902,,7564
ukraine_war,war,Undirected,5903,,80407
ukraine_war,warcrimes,Undirected,5904,,16290
ukraine_war,warnews,Undirected,5905,,3949
ukraine_war,warphoto,Undirected,5906,,3891
ukraine_war,warvideo,Undirected,5907,,3895
ukraine_war,warzone,Undirected,5908,,1725
ukraine_war,worldnews,Undirected,5909,,1419
ukraine_war,ww3,Undirected,5910,,19565
ukraine_war,zaporizhzhia,Undirected,5911,,5381
ukraine_war,zelensky,Undirected,5912,,61360
ukraine_war,zelenskywarcriminal,Undirected,5913,,4400
ukraine_warnews,afu,Undirected,5914,,5828
ukraine_warnews,armukrainenow,Undirected,5915,,6783
ukraine_warnews,crimea,Undirected,5916,,6086
ukraine_warnews,kharkiv,Undirected,5917,,4126
ukraine_warnews,khersonisukraine,Undirected,5918,,5091
ukraine_warnews,nato,Undirected,5919,,2021
ukraine_warnews,news,Undirected,5920,,2189
ukraine_warnews,russiawar,Undirected,5922,,1657
ukraine_warnews,usa,Undirected,5924,,1838
ukraine_warnews,video,Undirected,5925,,2613
ukraine_warnews,war,Undirected,5926,,1843
ukraine_warnews,warnews,Undirected,5927,,1578
ukraine_warnews,warphoto,Undirected,5928,,1597
ukraine_warnews,warvideo,Undirected,5929,,1688
ukrainecounteroffensive,ru_terroriststate,Undirected,5933,,2805
ukrainecounteroffensive,ukrainewillwin,Undirected,5936,,3780
ukrainecounteroffensive,ukrainian,Undirected,5937,,3760
ukrainen,ukraine_war,Undirected,5939,,1578
ukrainenews,odessa,Undirected,5940,,3265
ukrainenews,russiawar,Undirected,5942,,3695
ukrainenews,uk,Undirected,5943,,2534
ukrainenews,ukrainianarmy,Undirected,5945,,1705
ukrainerussia,kharkiv,Undirected,5946,,1496
ukrainerussia,kherson,Undirected,5947,,1596
ukrainerussia,russianarmy,Undirected,5954,,1485
ukrainerussia,ukraineunderattack,Undirected,5962,,16732
ukrainerussia,ukraineunderattaсk,Undirected,5963,,3934
ukrainerussia,ukrainian,Undirected,5964,,9543
ukrainerussia,ww3,Undirected,5965,,5948
ukrainerussia,zelensky,Undirected,5966,,3546
ukrainerussie,ukraine_crisis,Undirected,5969,,2496
ukraineunderattack,donbas,Undirected,5971,,1431
ukraineunderattack,russiaukraine,Undirected,5983,,1601
ukraineunderattack,stopwar,Undirected,5987,,4815
ukraineunderattack,ukraine_warnews,Undirected,5994,,2979
ukraineunderattack,ukrainewillwin,Undirected,5996,,6852
ukraineunderattack,ukrainian,Undirected,5997,,12489
ukraineunderattack,usa,Undirected,5998,,1491
ukraineunderattack,war,Undirected,5999,,8747
ukraineunderattack,ww3,Undirected,6000,,1691
ukraineunderattack,zelensky,Undirected,6001,,6716
ukraineunderattaсk,ukraine_conflict,Undirected,6009,,1698
ukraineunderattaсk,ukraine_warnews,Undirected,6012,,1439
ukraineunderattaсk,ukrainian,Undirected,6013,,3388
ukrainewillwin,afu,Undirected,6014,,5912
ukrainewillwin,crimea,Undirected,6016,,6465
ukrainewillwin,kharkiv,Undirected,6017,,4885
ukrainewillwin,khersonisukraine,Undirected,6019,,5309
ukrainewillwin,mariupol,Undirected,6020,,6552
ukrainewillwin,ukraine_warnews,Undirected,6037,,7411
ukrainewillwin,ukrainewillwin,Undirected,6040,,2543
ukrainewillwin,ukrainian,Undirected,6041,,11783
ukrainewillwin,ukrainianarmy,Undirected,6042,,14201
ukrainewillwin,ukrainianpow,Undirected,6043,,3659
ukrainewillwin,zelensky,Undirected,6044,,2176
ukrainian,armukrainenow,Undirected,6045,,3480
ukrainian,donbas,Undirected,6046,,3070
ukrainian,donetsk,Undirected,6047,,1460
ukrainian,eu,Undirected,6048,,1911
ukrainian,europe,Undirected,6049,,2268
ukrainian,kiev,Undirected,6052,,2029
ukrainian,news,Undirected,6056,,2744
ukrainian,poland,Undirected,6057,,1353
ukrainian,ru_warcrimes,Undirected,6061,,2685
ukrainian,russiaukraine,Undirected,6065,,2047
ukrainian,russiawar,Undirected,6066,,1726
ukrainian,stop_ru_warnaggression,Undirected,6069,,1617
ukrainian,ukraine_warnews,Undirected,6076,,4462
ukrainian,ukrainian,Undirected,6082,,7780
ukrainian,ukrainianarmy,Undirected,6083,,13172
ukrainian,usa,Undirected,6084,,7196
ukrainian,video,Undirected,6085,,2430
ukrainian,war,Undirected,6086,,12555
ukrainian,warnews,Undirected,6087,,1666
ukrainian,warphoto,Undirected,6088,,1681
ukrainian,warvideo,Undirected,6089,,1690
ukrainian,zelensky,Undirected,6090,,10536
ukrainianarmy,afu,Undirected,6091,,5915
ukrainianarmy,armukrainenow,Undirected,6092,,7120
ukrainianarmy,crimea,Undirected,6093,,6287
ukrainianarmy,kharkiv,Undirected,6094,,5298
ukrainianarmy,khersonisukraine,Undirected,6096,,5134
ukrainianarmy,mariupol,Undirected,6097,,7262
ukrainianarmy,news,Undirected,6099,,2076
ukrainianarmy,russiawar,Undirected,6104,,1669
ukrainianarmy,slavaukraini,Undirected,6105,,3253
ukrainianarmy,support_ukr,Undirected,6106,,8341
ukrainianarmy,ukraine_warnews,Undirected,6109,,9307
ukrainianarmy,ukrainecounteroffensive,Undirected,6110,,1683
ukrainianarmy,ukrainianpow,Undirected,6113,,3651
ukrainianarmy,usa,Undirected,6114,,2590
ukrainianarmy,video,Undirected,6115,,2293
ukrainianarmy,war,Undirected,6116,,3909
ukrainianarmy,warnews,Undirected,6117,,1662
ukrainianarmy,warphoto,Undirected,6118,,1680
ukrainianarmy,warvideo,Undirected,6119,,1689
ukrainianpow,afu,Undirected,6120,,3153
ukrainianpow,armukrainenow,Undirected,6121,,3676
ukrainianpow,crimea,Undirected,6122,,3369
ukrainianpow,kharkiv,Undirected,6123,,2307
ukrainianpow,khersonisukraine,Undirected,6124,,2560
ukrainianpow,ukraine,Undirected,6125,,6867
ukrainianpow,ukraine_warnews,Undirected,6126,,3669
un,un,Undirected,6133,,1544
un,usa,Undirected,6134,,3402
unga,ukraine,Undirected,6135,,1563
update,russia,Undirected,6137,,1766
update,ukraine,Undirected,6138,,2389
us,cina,Undirected,6141,,1337
us,india,Undirected,6144,,2484
us,ukraine_crisis,Undirected,6151,,1559
us,us,Undirected,6153,,1729
us,usa,Undirected,6154,,5506
us,war,Undirected,6155,,2718
usa,australia,Undirected,6156,,1920
usa,covid,Undirected,6162,,1572
usa,gop,Undirected,6167,,1341
usa,israel,Undirected,6170,,1420
usa,japan,Undirected,6171,,1497
usa,kaliningrad,Undirected,6172,,2289
usa,ru_terroriststate,Undirected,6180,,1501
usa,taiwan,Undirected,6185,,1450
usa,usa,Undirected,6196,,6318
usa,war,Undirected,6197,,8958
usa,ww3,Undirected,6198,,4566
usa,zelensky,Undirected,6199,,9641
usan,russia,Undirected,6200,,1435
usan,ukraine_war,Undirected,6202,,1385
video,nato,Undirected,6206,,2074
video,news,Undirected,6207,,2162
video,russiawar,Undirected,6208,,1651
video,usa,Undirected,6211,,2071
video,war,Undirected,6212,,1904
video,warnews,Undirected,6213,,1577
video,warphoto,Undirected,6214,,1597
video,warvideo,Undirected,6215,,1606
vladimir,putin,Undirected,6216,,1508
wapo,cbs,Undirected,6217,,1660
wapo,eu,Undirected,6218,,2007
wapo,g7,Undirected,6219,,1377
wapo,nato,Undirected,6220,,1738
wapo,nbc,Undirected,6221,,1710
war,army,Undirected,6222,,7637
war,donbas,Undirected,6224,,1726
war,donetsk,Undirected,6225,,6489
war,krieg,Undirected,6229,,2098
war,maga,Undirected,6231,,1395
war,military,Undirected,6233,,8488
war,odessa,Undirected,6236,,3627
war,peace,Undirected,6237,,2564
war,polska,Undirected,6238,,4346
war,ru_terroriststate,Undirected,6241,,5126
war,ru_warcrimes,Undirected,6242,,3114
war,soldier,Undirected,6245,,5835
war,specialforces,Undirected,6246,,7040
war,stopwar,Undirected,6248,,1717
war,trump,Undirected,6250,,1603
war,ukrainenews,Undirected,6257,,11806
war,ukrainerussia,Undirected,6258,,4924
war,war,Undirected,6264,,2505
war,warcrimes,Undirected,6265,,2345
war,ww3,Undirected,6266,,3728
war,zelensky,Undirected,6267,,5932
warcrimes,genocide,Undirected,6268,,1572
warcrimes,nato,Undirected,6269,,1358
warnews,nato,Undirected,6277,,1531
warnews,usa,Undirected,6278,,1343
warnews,war,Undirected,6279,,1357
warphoto,usa,Undirected,6280,,1344
warphoto,war,Undirected,6281,,1365
warphoto,warvideo,Undirected,6282,,1342
warvideo,usa,Undirected,6283,,1345
warvideo,war,Undirected,6284,,1366
wesupport_ukr,stop_ru_war,Undirected,6289,,2042
wezenaar,rickwezenaar,Undirected,6291,,6488
womensrightsarehumanrights,mybodymychoice,Undirected,6292,,2212
womensrightsarehumanrights,slavaukraini,Undirected,6293,,4427
world,eu,Undirected,6294,,1551
world,ukraine_war,Undirected,6298,,1425
wsj,cbs,Undirected,6299,,1445
wsj,cnbc,Undirected,6300,,1541
wsj,eu,Undirected,6301,,1427
wsj,fox,Undirected,6302,,1515
wsj,huffpost,Undirected,6303,,1705
wsj,nbc,Undirected,6304,,1480
wsj,npr,Undirected,6305,,1594
wsj,nyt,Undirected,6306,,1528
wsj,politico,Undirected,6307,,1706
wsj,wapo,Undirected,6308,,1574
ww3,ukrainerussie,Undirected,6322,,1372
ww3,ww3,Undirected,6325,,12330
zaporozhye,ukraine_war,Undirected,6334,,1956
zelensky,europe,Undirected,6338,,1444
zelensky,isupport_ukr,Undirected,6339,,1578
zelensky,kharkiv,Undirected,6340,,1547
zelensky,moscow,Undirected,6345,,1988
zelensky,nazi,Undirected,6347,,1422
zelensky,us,Undirected,6364,,1602
zelensky,ww3,Undirected,6367,,1466
zelensky,zelensky,Undirected,6368,,8610
zelensky,zelenskywarcriminal,Undirected,6369,,2091
